codUsuario,contrasena,primerNombre,segundoNombre ,apellidoPaterno ,apellidoMaterno ,fechaNacimiento,correoUsuario,telefono
1,cY71.a%,Avram,Cirilo,Andrivel,Eaglestone,10/18/2002,ceaglestone0@usa.gov,901579670
2,vG48+L@m>g7k~,Rori,Antonius,Ruperto,Firman,12/12/2001,afirman1@feedburner.com,900609686
3,bI27}K7s,Worden,Tracie,Stancer,Oloman,03/30/2001,toloman2@globo.com,980809270
4,"rX27)Am$Nr,5",Gerianne,Emilie,Dictus,Colaton,12/31/2002,ecolaton3@baidu.com,981719768
5,cQ89<OndVFw3V,Christiana,Adeline,Robert,Storey,05/09/2001,astorey4@dot.gov,930754700
6,pT06+3+|TqCg,Mady,Liliane,Sawrey,Leel,02/26/2003,lleel5@rakuten.co.jp,993124515
7,nF13\VA7tR+O,Fleur,Caryl,Pennycook,Overnell,03/07/2003,covernell6@cbsnews.com,923321693
8,dI96&oj(5MA,Calida,Kattie,Tibb,Biagioni,06/22/2002,kbiagioni7@tuttocitta.it,982091722
9,cP95(&N,Janith,Ignacius,Ouslem,Merrydew,09/20/2002,imerrydew8@flavors.me,995596755
10,eO24'2'r#v%,Nancy,Bart,Andren,Trowle,05/10/2001,btrowle9@wired.com,994748439
11,aO64=9?b@E,Patrica,Elna,Korejs,Lafay,05/29/2002,elafaya@vinaora.com,920028886
12,eZ49?2',Chelsie,Rocky,Deviney,Attridge,02/18/2001,rattridgeb@sfgate.com,992372609
13,aJ88/8Ou,Bethany,Elton,Romney,Southway,12/06/2002,esouthwayc@forbes.com,981792128
14,qB74}.=)IY,Elsinore,Berget,Biggs,Glanert,12/27/2002,bglanertd@answers.com,951796611
15,uE90.!yXZ,Lotty,Whit,Richley,Ioannidis,07/13/2000,wioannidise@bizjournals.com,916175332
16,pK66+wv?~GTb%q,Teriann,Sula,Rickets,Turner,08/17/2001,sturnerf@acquirethisname.com,990023063
17,cL36%$h,Cecilius,Arel,Smeeton,Richardet,07/23/2002,arichardetg@skype.com,961183878
18,oY17>DUD/,Roze,Sallee,Coupe,Duerden,06/13/2002,sduerdenh@icq.com,956118150
19,"kF14,vKHOY?Uo9",Gianni,Way,Moar,Jaime,06/22/2001,wjaimei@merriam-webster.com,996649640
20,jS73!{\CU,Bertrand,Nelly,Oliff,Verling,07/20/2000,nverlingj@shareasale.com,989753373
21,iM27?!%{p#5,Shoshana,Barclay,Chattock,Muir,01/31/2002,bmuirk@sun.com,977133228
22,pL49`*.9c=1e,Chuck,Elisa,Grabiec,Treen,08/02/2002,etreenl@t.co,954934499
23,eH16\E26{,Alie,Waylan,Wasielewski,Pittford,02/23/2001,wpittfordm@pagesperso-orange.fr,987295465
24,"kB38,(a0{",Katuscha,Dominic,D'Antoni,Ballintyne,04/24/2003,dballintynen@netvibes.com,973578465
25,nP21/DGG,Alden,Tiler,Fitchett,Folan,02/14/2003,tfolano@bloomberg.com,910569583
26,lI78$zP(GRrZAH,Arch,Dalenna,Demongeot,Thying,12/04/2002,dthyingp@youtube.com,924404144
27,gW23&$SVcCN`,Barb,Man,Giovanardi,MacClancey,12/14/2000,mmacclanceyq@ed.gov,925625665
28,uD89/_lPOS,Meggi,Maxie,Bethel,Backhouse,09/24/2002,mbackhouser@unc.edu,947986832
29,rP76*ZoCBr,Ignacius,Helyn,Farlowe,Hebner,04/11/2002,hhebners@canalblog.com,906893609
30,rS50>?&)kD<{./,Mona,Aleksandr,Zielinski,Mirfin,01/29/2001,amirfint@uol.com.br,977911272
31,kV07%SWCWd*,Brannon,Charley,Fippe,Nyssen,09/15/2000,cnyssenu@tmall.com,996475234
32,nF50$Ab#*In}>q,Wilhelm,Shawn,Emer,Tussaine,06/04/2003,stussainev@cmu.edu,935046480
33,tP94%DrW'QkS,Cathyleen,Storm,Pulbrook,Haistwell,06/14/2003,shaistwellw@auda.org.au,987657450
34,wQ23@%Eb,Clementine,Maynord,Hatherall,Verchambre,04/25/2003,mverchambrex@shinystat.com,917745395
35,fO16$K+/f,Charmion,Miles,Lundy,McGinnell,11/24/2001,mmcginnelly@sitemeter.com,926622509
36,zP86|1<.dU=AND,Mischa,Ceciley,Stapford,Brideau,03/23/2002,cbrideauz@behance.net,935100747
37,uO28\qy`52#,Rochette,Farr,Tallboy,Stenyng,01/01/2003,fstenyng10@ox.ac.uk,934455498
38,sS30@GlQbs99z,Bryna,Jeri,Harlick,Gail,09/05/2000,jgail11@washington.edu,967165071
39,dZ95@4oKD,Laure,Thia,Leaf,Osbourne,11/02/2001,tosbourne12@reference.com,924848779
40,vP87*pr,Mitchell,Luce,Donovin,Astie,08/05/2001,lastie13@businesswire.com,909376593
41,uP53_p|$D\+|?,Sheryl,Robina,Leser,Nicely,06/13/2001,rnicely14@posterous.com,947071873
42,wL13+gDr,Pru,Millie,Bannard,Pressey,08/01/2002,mpressey15@wikia.com,948906598
43,eR46{~|E8k,Colly,Major,Meriet,Maysor,01/10/2003,mmaysor16@nytimes.com,911783594
44,uM15'sOozfu,Prudi,Venita,Cregin,Rebert,11/05/2001,vrebert17@deliciousdays.com,925210789
45,pS27?/I>hBh,Base,Henri,Knowlson,Songhurst,08/01/2002,hsonghurst18@google.nl,992503911
46,kH21<\p,Amandie,Kalvin,Cornilli,Gini,04/15/2001,kgini19@vimeo.com,917563748
47,pP46/~u*jD,Rriocard,Luke,Fannon,Tomczykowski,03/11/2003,ltomczykowski1a@noaa.gov,951973534
48,bI88=}\R&,Reena,Melonie,Jickells,Fishley,11/24/2001,mfishley1b@umn.edu,963027407
49,"mR16,3god*?#!",Avril,Vern,Mapstone,Spicer,02/06/2001,vspicer1c@chicagotribune.com,911880616
50,uX89>vhF,Corry,Dalston,Duddin,Keyte,07/14/2000,dkeyte1d@chron.com,974513209
51,"aZ01|a!+zZA<,",Wren,Rob,McComish,Dosdell,03/19/2003,rdosdell1e@yahoo.co.jp,914453305
52,nC86#g)hrLiL,Lori,Homer,Penwell,O'Lunney,02/09/2002,holunney1f@alibaba.com,915538606
53,uR67}`T=W),Bary,Morgen,Rattery,Iacovaccio,06/08/2002,miacovaccio1g@mapy.cz,979197423
54,yI19=mYbz{CWz{,Juliette,Ezra,Pargiter,Lisciandro,04/24/2001,elisciandro1h@slashdot.org,991517139
55,"vW27=2Qb,W&h$l",Shari,Sal,Isherwood,McMeeking,04/15/2003,smcmeeking1i@home.pl,910854163
56,"cB42""C4@#2!P",Jermain,Lark,Ibarra,Putterill,01/24/2002,lputterill1j@1688.com,904365193
57,oT00/B$ov9,Carce,Mela,Loynes,Scrauniage,08/12/2002,mscrauniage1k@reverbnation.com,985293646
58,yR22)sB$eH{0,Cthrine,Win,O'Tuohy,Sorby,09/11/2000,wsorby1l@people.com.cn,983290039
59,lR16<<0ea2q2\,Essa,Jean,Killingsworth,Gilbride,03/10/2001,jgilbride1m@mayoclinic.com,900786417
60,tC78+=)$tfsf,Guinevere,Amie,Perillio,Paur,03/31/2002,apaur1n@google.com.hk,953880946
61,sU98'|GVcf,Berta,Jacynth,Burbridge,Sindall,10/02/2000,jsindall1o@storify.com,975563828
62,yD76_$8U,Avery,Gran,Farnin,Wolfendale,01/29/2003,gwolfendale1p@sitemeter.com,959974161
63,sM82~0&.qcFY,Lanette,Melva,Marron,Sillick,08/23/2000,msillick1q@dell.com,930971861
64,"dE67,#nD7kQ(",Shauna,Lucie,Crinion,Wallice,08/03/2001,lwallice1r@chron.com,980166067
65,lO54.v1H,Angele,Joey,Worboys,Aickin,03/05/2003,jaickin1s@gnu.org,995656270
66,"uZ83*\MU)FS>7,",Christan,Laurel,Thurgood,Wildor,11/02/2001,lwildor1t@barnesandnoble.com,933241928
67,tW57(D#1fh,Selia,Reed,Dorling,Vauter,07/01/2003,rvauter1u@123-reg.co.uk,979784331
68,wP58`0Bz!!,Stanleigh,Raf,Brombell,Tunney,01/23/2003,rtunney1v@examiner.com,927892477
69,dC45@JAa,Kippie,Nickie,Mewton,Abela,04/13/2002,nabela1w@netvibes.com,969986037
70,"dA65""ny",Rey,Aurel,Cranna,Kemmons,03/22/2003,akemmons1x@archive.org,960705621
71,wG60'>Kkl/hs>,Katharyn,Cordi,Glyssanne,Hector,12/14/2001,chector1y@youtu.be,984746603
72,wF14@f!,Lionel,Adelaida,Devericks,Stearn,11/26/2002,astearn1z@bizjournals.com,919068604
73,cY94%UTo!a=HN,Aguie,Ettore,Pelosi,Blackman,06/13/2002,eblackman20@army.mil,925953026
74,iT51`b*k%e,Romona,Valentia,Davidovic,Henrys,06/25/2002,vhenrys21@flavors.me,979536161
75,zS62*k3~&r~,Katy,Leoline,MacCallum,McAster,04/01/2003,lmcaster22@dell.com,955768399
76,"hA69),.&{",Husein,Wendall,Shore,Howsley,12/09/2002,whowsley23@cpanel.net,986400333
77,oR80}VN(C<@N{i,Theodore,Frans,Sissland,Abreheart,02/05/2003,fabreheart24@weibo.com,998542908
78,iC09}$Cq_,Esther,Theressa,Wellen,McCrone,10/30/2000,tmccrone25@google.pl,908434560
79,bT78<Bp)fLU,Daphne,Glynis,Currum,Brosini,07/11/2002,gbrosini26@blogs.com,902778797
80,zP05}/n,Herrick,Mattie,Imlaw,Clemenson,10/01/2001,mclemenson27@ed.gov,915927742
81,hN68`{<_4ds*,Abram,Tasha,Roskelly,Keave,12/08/2001,tkeave28@whitehouse.gov,964409816
82,cR47!dp95,Dionysus,Cesare,Brunelleschi,McLafferty,12/19/2001,cmclafferty29@edublogs.org,980822807
83,yA66?n>WU<d,Thoma,Ebony,Gong,Lackey,08/19/2000,elackey2a@delicious.com,977861427
84,iF50#z4,Mateo,Felipe,Newell,Cregg,12/10/2001,fcregg2b@google.de,976605890
85,jZ12@C},Edgardo,Arney,Scarman,Gauvin,06/23/2001,agauvin2c@earthlink.net,983352342
86,nN17|C51d_~%%,Morna,Shermy,Dawnay,Aucourte,01/12/2002,saucourte2d@vk.com,977346302
87,"xF39""lhB0V",Hagan,Derek,Petkovic,Cleever,12/09/2000,dcleever2e@diigo.com,973247528
88,xF12`\xk,Marjorie,Randee,Verbrugge,Reschke,11/05/2000,rreschke2f@mozilla.org,951553097
89,gZ82%FdcIYB=,Caldwell,Shannen,Giveen,Gout,01/21/2001,sgout2g@bizjournals.com,941191759
90,mJ14*e+,Amie,Jennica,Bliben,Kinig,12/07/2002,jkinig2h@usatoday.com,931934561
91,dK27$XhCrK,Sosanna,Bonita,Paszek,Quiney,02/11/2001,bquiney2i@163.com,991113117
92,dY53)S0{wQnT*,Ranee,Netty,Rasper,Kirley,05/08/2002,nkirley2j@addtoany.com,944358747
93,fR97~0'UnZsk,Allister,Merrilee,Rowesby,Goudard,01/01/2001,mgoudard2k@wikipedia.org,933110642
94,"iF65$w+a'FP}A,",Alexander,Lari,Stihl,Dinneges,03/19/2003,ldinneges2l@chronoengine.com,985939092
95,"sP50|o,t",Duky,Arch,Carrigan,Seabon,12/04/2002,aseabon2m@vistaprint.com,914800574
96,"jI61{y,`NmO$",Hagan,Bellanca,Schoenleiter,Duchenne,08/18/2000,bduchenne2n@bluehost.com,990544372
97,sX39#0UV*.,Olivie,Yehudit,Renforth,Preshaw,09/11/2002,ypreshaw2o@tumblr.com,980024450
98,pY90$(.,Demetris,King,Sokell,Hearn,08/24/2000,khearn2p@youtube.com,953332258
99,jV19($.f,Loise,Fiann,MacPhail,Attewill,05/28/2003,fattewill2q@people.com.cn,943153867
100,fG53_C)?5~d1,Burg,Stacy,Pratley,Plail,10/15/2000,splail2r@cam.ac.uk,994888766
101,"qL47(J{P,AZPt",Cthrine,Sibylla,Henner,Christofle,02/27/2003,schristofle2s@ucoz.ru,923113517
102,vJ88.p5`4EFt0P,Agna,Ernestus,Degoey,Bradnocke,07/28/2000,ebradnocke2t@java.com,927533176
103,jC61/8|r,Julietta,Pauletta,Armfield,Bercher,08/27/2002,pbercher2u@creativecommons.org,938403351
104,iB33/\GAsMw$e,Karlik,Davey,Huff,Rapsey,09/04/2000,drapsey2v@wired.com,943965989
105,xK43&o`9Gm*v,Fernande,Sandor,Scampion,Brockest,06/10/2001,sbrockest2w@joomla.org,964371644
106,"lW85""XBDMF""<CP",Marshall,Nolana,Wormell,Pitkeathley,03/02/2003,npitkeathley2x@fema.gov,951952280
107,yI00~4Mc+A,Shawn,Rog,Finan,Derkes,03/27/2003,rderkes2y@reference.com,990764888
108,fE44~Y|.Fki,Juanita,Teresina,Crow,Cartner,05/09/2001,tcartner2z@instagram.com,945259839
109,"dA11{,?Om*",Renato,Tynan,Lewing,Rickerby,01/26/2003,trickerby30@usgs.gov,934908231
110,xQ32{s0Tlo2,Tedi,Jamal,Teek,Westoll,01/30/2003,jwestoll31@com.com,990203528
111,xJ29&>j.jr|gK,Maryjo,Eolanda,Waghorne,Hankin,04/01/2002,ehankin32@cnn.com,973630601
112,nY82$OG,Lenna,Lindsay,McGow,Houldcroft,12/29/2001,lhouldcroft33@home.pl,998736571
113,lI10~~`e,Daria,Elladine,Greiswood,Kellert,08/20/2000,ekellert34@meetup.com,977564974
114,fP86=asO~,Chaddie,Tedie,Dron,Choak,07/02/2003,tchoak35@jigsy.com,908047462
115,"lD26+oV,+pYb1?",Trefor,Raimund,Silkstone,Dieton,06/08/2001,rdieton36@sitemeter.com,927596725
116,"bW12,vmZ#u",Talbert,Lalo,Bearfoot,Peacop,01/04/2002,lpeacop37@gizmodo.com,941493077
117,wD51%%6~m4,Tiphany,Maribelle,Cockerell,Grunson,02/06/2003,mgrunson38@dot.gov,917298313
118,vJ48+P+,Cariotta,Jenna,Ramble,Izacenko,06/25/2001,jizacenko39@google.ru,985687789
119,hC45#te~U_k?a,Christoffer,Courtnay,Ambler,Duinbleton,08/16/2000,cduinbleton3a@exblog.jp,944899892
120,jD92>Mg2n!/Rc,Bernardo,Justis,Simkins,Tremayne,02/05/2001,jtremayne3b@elegantthemes.com,996087068
121,tE19(FR5LaSJ,Libby,Boyd,Parres,Dickings,10/15/2001,bdickings3c@uiuc.edu,995266478
122,bF98%36,Hugibert,Tess,Machans,Vallance,01/09/2002,tvallance3d@phoca.cz,995055515
123,"pC41,)?)",Carroll,Darius,Randals,Wasylkiewicz,07/04/2002,dwasylkiewicz3e@baidu.com,988734169
124,aN40{@>M&sd7?),Care,Amalee,Kornas,Lasham,09/02/2002,alasham3f@facebook.com,906456878
125,"lR09?,4QM",Chuck,Alberto,Heaffey,McGray,05/02/2003,amcgray3g@washington.edu,979325955
126,bE07&67cC#,Dar,Olive,Goford,Uren,11/11/2000,ouren3h@geocities.com,971031293
127,oH14$|H&'&Es,Natalina,Korey,Westwater,Whitehair,06/28/2002,kwhitehair3i@umich.edu,931132363
128,dA64_@$\{Pj,Lon,Inga,Kesterton,Beeck,10/28/2001,ibeeck3j@sourceforge.net,900488518
129,zN03{eSW5,Jessika,Mikaela,Beaufoy,Scones,06/29/2002,mscones3k@java.com,990536804
130,lR50=)cR.0#PY,Tally,Hirsch,Leeburn,Hillan,01/17/2002,hhillan3l@xrea.com,928917388
131,sE36#iy,Bernelle,Dorey,Poure,Szepe,10/27/2001,dszepe3m@bizjournals.com,992682513
132,dE97{Ucv2>6(,Winni,Efren,Insull,Bosworth,02/08/2003,ebosworth3n@lulu.com,993210227
133,vV84)E}0u?(,Cash,Annadiana,Jobke,Mattiato,02/04/2003,amattiato3o@github.io,973181830
134,"mK21""4b",Erhart,Rebe,Sycamore,Vergo,04/21/2002,rvergo3p@elpais.com,987929468
135,vK96\ANa*48@,Chantalle,Carolan,Pawlik,McCroft,05/22/2003,cmccroft3q@flickr.com,929314714
136,wU22\@nJd6&y5,Marlow,Jefferey,Dillingstone,Sales,08/18/2000,jsales3r@joomla.org,984634402
137,fK57+'$,Yvor,Loleta,Handslip,Wallworth,12/18/2001,lwallworth3s@chronoengine.com,943958702
138,tB55`|A5HP}q,Cobb,Ami,Oels,Das,11/28/2001,adas3t@nsw.gov.au,915063769
139,kH70`h+sqb,Sybilla,Wyndham,Klimuk,Beedon,03/25/2003,wbeedon3u@discuz.net,987316826
140,aC63_HA}<',Baudoin,Johannah,Culver,Cardinal,01/01/2001,jcardinal3v@reddit.com,923409594
141,sO63>9(,Birdie,Burl,Custard,Dowling,07/14/2002,bdowling3w@w3.org,958825535
142,mJ31<L|#5rU8~,Orren,Wiley,Aubry,Rounsivall,08/16/2001,wrounsivall3x@discovery.com,928780644
143,pU72$ZVUo,Kermy,Merilee,Culter,Claybourne,12/21/2000,mclaybourne3y@howstuffworks.com,909079604
144,kF72>P\lu,Gray,Ervin,Hacquel,Springthorp,10/03/2000,espringthorp3z@nydailynews.com,985378507
145,yR64_O!S,Alvira,Suzy,Durrant,Fransewich,07/28/2001,sfransewich40@unc.edu,946465461
146,fM49.Dlob,Aldin,Gaultiero,Bolver,Studdal,01/30/2003,gstuddal41@timesonline.co.uk,967465056
147,zJ95#%&,Maureen,Roseanna,Goghin,Gontier,05/02/2002,rgontier42@canalblog.com,930164830
148,eC70!mv>mfXa&,Elvin,Barrie,Pauletti,O'Dwyer,07/03/2002,bodwyer43@devhub.com,948093614
149,cQ36}J&Wh,Darcey,Archer,Chastenet,Spruce,11/08/2000,aspruce44@mayoclinic.com,978663958
150,pA94{RGe,Anabal,Kayle,Marshland,Hune,04/28/2002,khune45@biblegateway.com,941635325
151,nH17)W\a&eQ,Bartholemy,Woody,Farnell,Nielson,10/25/2001,wnielson46@howstuffworks.com,933276099
152,fA92~jw&`=OJ!P,Kandace,Bond,Valdes,Orpin,04/23/2002,borpin47@free.fr,920671745
153,lF69#%uzUA7H,Waylon,Giselbert,Polland,Gold,04/05/2001,ggold48@columbia.edu,933643001
154,vB64$HNk,Kiley,Colin,Godehard.sf,Lamzed,05/23/2002,clamzed49@yellowbook.com,924726917
155,oH61>?_R3n(,Ric,Leland,Durnall,Merriton,10/06/2002,lmerriton4a@is.gd,903626706
156,lA75\mLY5IQ3,Glynis,Danita,Baumann,Ludgate,09/02/2001,dludgate4b@dedecms.com,929635500
157,vG39\sQ,Somerset,Valida,Fedynski,Jillett,10/06/2000,vjillett4c@bing.com,987010233
158,pM87)?2s75!<,Jeannie,Forster,Mackiewicz,Demsey,01/28/2003,fdemsey4d@booking.com,939146462
159,kT00)_.7sH7O}P,Kleon,Alane,Patty,Dunkerk,10/17/2001,adunkerk4e@cpanel.net,977730896
160,xA54\y*1,Lizzy,Jordana,Scad,Masi,05/31/2003,jmasi4f@angelfire.com,920669884
161,jC82<67p%\ij,Smitty,Koren,Ambrogioni,Gatland,06/29/2002,kgatland4g@theglobeandmail.com,967980750
162,dQ80#{&u+kX,Keriann,Montgomery,Broadfield,Ind,04/19/2001,mind4h@gravatar.com,985661827
163,qY38+#nA,Karrie,Cari,Cassedy,Watkiss,07/05/2002,cwatkiss4i@tinyurl.com,921607472
164,gW43.zQ,Nicole,Wolfy,Millington,Geddis,04/18/2001,wgeddis4j@cdc.gov,964076164
165,aS32\_6?`+2z,Ardine,Brady,Edards,Cominello,07/18/2001,bcominello4k@dot.gov,977108072
166,uZ75))}.,Avram,Alvera,Alesi,Killgus,12/31/2001,akillgus4l@symantec.com,933093096
167,kA45~'@0SxE,Roddie,Jerad,Frediani,Corneljes,04/03/2002,jcorneljes4m@twitpic.com,904122952
168,mA25>FRvd>6K,Bobbye,Carma,Ripsher,O'Cassidy,07/08/2000,cocassidy4n@elegantthemes.com,932663158
169,dA68?G&|0~,Hubey,Boy,Trowler,Doone,04/12/2003,bdoone4o@squarespace.com,901983249
170,"xD22,5*=hwiW",Kay,Skyler,Barde,Tuffley,07/25/2001,stuffley4p@multiply.com,905673487
171,eP13(v6k),Linnea,Nat,Haberfield,Pagitt,01/12/2001,npagitt4q@archive.org,932286991
172,sM77<(HYU,Joyann,Tedd,Nuth,Catlin,05/23/2003,tcatlin4r@twitter.com,922535358
173,vU25<%L0I\bUn,Stefania,Avis,Bleakman,Jeremaes,05/16/2003,ajeremaes4s@wix.com,927134332
174,fQ70~z0kiSER,Joanie,Adda,Cappineer,Blazey,04/26/2001,ablazey4t@hatena.ne.jp,951277624
175,wK28=xQ/HN&N,Aurthur,Jaclyn,Bulfield,Spinige,08/06/2002,jspinige4u@163.com,924682678
176,"hM28""1FtvJ*_4",Delilah,Mahalia,Kovnot,Najafian,01/27/2002,mnajafian4v@accuweather.com,943050391
177,hL93{p9d{K$,Abramo,Kelwin,Di Domenico,Bernardot,04/30/2001,kbernardot4w@sun.com,917707080
178,eU43*GC{6(01,Briney,Yorke,Calloway,Striker,09/07/2002,ystriker4x@furl.net,910325960
179,dU40`HyVfI6,Ania,Ari,Gascard,Sibbit,06/22/2002,asibbit4y@house.gov,913027638
180,rL07}/8ETdD0,Ronda,Clementia,O'Kuddyhy,Guidera,11/19/2002,cguidera4z@hubpages.com,952759985
181,"sK72""L7",Wilow,Albert,Balke,Haucke,02/07/2001,ahaucke50@squidoo.com,950935043
182,zL75\>s,Amory,Jonell,Witch,McHardy,08/25/2000,jmchardy51@shareasale.com,912852653
183,jK97{UPiW?EJB7,Viviyan,Addie,Tomala,Nicklinson,06/20/2003,anicklinson52@chicagotribune.com,927806936
184,"qI01"",C8QUv7",Chantal,Isidro,Scrimshaw,Parlour,01/19/2001,iparlour53@xing.com,908431179
185,vZ41\QQKf,Elizabeth,Catie,Greber,Goodlad,11/14/2001,cgoodlad54@hhs.gov,924113930
186,sB05`6sU|/<Mq,Darelle,Lindie,Ianiello,Brunet,03/30/2002,lbrunet55@mac.com,930997202
187,oO14.jy%o57,Cherin,Gibby,Pedreschi,Duckhouse,06/13/2001,gduckhouse56@pagesperso-orange.fr,980737097
188,"kW72\""XiFe2A>",Caria,Ignace,Gorham,Marks,12/14/2000,imarks57@histats.com,911963012
189,rZ60?M>Z,Abbie,Stephenie,Kelner,Kipping,04/23/2002,skipping58@csmonitor.com,983572777
190,hU32=08,Humbert,Renado,Eady,Blenkin,01/16/2002,rblenkin59@utexas.edu,970549082
191,tF61`1Bw})dZ,Sheppard,Guy,Blumire,Matelaitis,04/26/2002,gmatelaitis5a@livejournal.com,947288756
192,"jJ51|""?OJoKK",Ignace,Elyssa,Eastwood,Wenderott,09/09/2001,ewenderott5b@digg.com,931744020
193,dB67=2kF,Hiram,Hubey,Pitman,Bedbrough,04/23/2002,hbedbrough5c@homestead.com,924935638
194,hM06\{G6`,Joel,Arri,Gammett,Self,07/27/2000,aself5d@wikia.com,950763162
195,xD80}!n,Stanton,Lorene,Haselwood,Stanton,04/04/2001,lstanton5e@mapquest.com,979239782
196,fA15!B5an,Hillary,Ferdy,Walduck,Blakesley,03/23/2003,fblakesley5f@biblegateway.com,937346667
197,"aY41'K%,(`",Fayina,Nikos,Gatherer,Frandsen,09/17/2001,nfrandsen5g@cargocollective.com,982066919
198,dR75|)=37gg*,Casi,Theodosia,Josefson,Selwin,07/02/2001,tselwin5h@salon.com,979440224
199,hL48~q?%99t4,Claresta,Hugibert,Morrice,Madigan,12/06/2002,hmadigan5i@squarespace.com,988647885
200,"uN92`h?,1\",Gratiana,Leesa,Pay,Hagstone,12/22/2002,lhagstone5j@angelfire.com,932029791
201,rS77|&m,Emelina,Nicol,Bittleson,Shears,01/24/2003,nshears5k@nature.com,948157131
202,wA87\4Q0,Estrellita,Doe,Dachey,Lyburn,12/07/2001,dlyburn5l@bigcartel.com,927383482
203,lT21{g%eew%,Deane,Alecia,Gregorio,Gillam,05/27/2001,agillam5m@umich.edu,965751268
204,xX37?(}o>64}|,Dorene,Waylon,Hainning,Getch,09/11/2001,wgetch5n@yahoo.co.jp,901780029
205,"jA71=18o*x""&J7",Jacquenetta,Geraldine,Yanne,Well,06/11/2003,gwell5o@mashable.com,946087472
206,oR74)6zyLO&,Isidore,Konstantin,Lachaize,Domegan,04/01/2003,kdomegan5p@blogtalkradio.com,925291771
207,lI27\Ixr1bNye,Maritsa,Clayson,Manhood,Hassekl,08/26/2002,chassekl5q@tinyurl.com,933150357
208,rI39`rCt,Wade,Charis,Bissell,Hallan,08/04/2001,challan5r@wisc.edu,999103212
209,oY78|2ntW,Lela,Liv,Kennerknecht,Benzie,05/16/2002,lbenzie5s@omniture.com,971298316
210,sI41`w1$,Easter,Lovell,Feldstein,Kleinpeltz,04/08/2001,lkleinpeltz5t@simplemachines.org,996056693
211,oZ05+Eh}D)o>l,Martainn,Tyson,Butlin,Clemencon,07/22/2002,tclemencon5u@samsung.com,947515917
212,eY64&W!rU..x,Dottie,Dixie,Packington,MacGuffog,02/03/2002,dmacguffog5v@thetimes.co.uk,900673984
213,oW98<Ph<N,Dionysus,Northrop,Messent,Pringell,01/08/2002,npringell5w@purevolume.com,972645229
214,wE96\VesXP,Wendall,Conant,Fisbey,Cruttenden,11/27/2001,ccruttenden5x@stanford.edu,913669725
215,bZ40@rP0uRh2v,Kristopher,Malynda,Trustram,Mathewson,05/26/2003,mmathewson5y@kickstarter.com,948349131
216,hH71+11lq,Jacques,Sascha,Charon,Carrick,06/15/2001,scarrick5z@si.edu,982096084
217,"bE85,cqrZ1OG",Gray,Letitia,Bleiman,Tailby,11/30/2000,ltailby60@angelfire.com,932716549
218,bU63!VIhue,Sallyanne,Cristionna,Goldthorp,Basant,04/07/2001,cbasant61@netvibes.com,902532382
219,eT83%`g0,Patrice,Elberta,Scoular,Arbon,02/28/2001,earbon62@cnbc.com,943073362
220,xR37).2_IzV4t3,Dana,Deirdre,Picopp,Cutten,05/24/2001,dcutten63@ucla.edu,954187410
221,nW34~w0,Elspeth,Roberto,Biddles,Elbourne,02/13/2002,relbourne64@huffingtonpost.com,929402411
222,rA45}.u4{4ud@,Marjy,Lyell,Danev,Briamo,05/20/2003,lbriamo65@cbsnews.com,945446824
223,kF35_`.|,Rikki,Templeton,Badgers,Jendrassik,02/05/2001,tjendrassik66@rakuten.co.jp,919209522
224,kB07!/`~3,Daniele,Jeralee,Lansdowne,Tatterton,11/18/2000,jtatterton67@surveymonkey.com,998892720
225,gU90>eu(<jcFJq,Maighdiln,Emelina,Jerrems,Molines,06/12/2001,emolines68@networkadvertising.org,901996857
226,wM99#}iZb%C1GH,Leonerd,Reamonn,Risborough,Dwane,02/17/2001,rdwane69@fda.gov,946599933
227,sJ56$`|1Xl,Blisse,Rozanna,Leopard,Bergeon,09/21/2000,rbergeon6a@liveinternet.ru,915367949
228,fU76`HYuK,Felix,Bethena,Lorrimer,Deniscke,10/22/2001,bdeniscke6b@hostgator.com,930133626
229,"wK01\Gogt,",Ivonne,Antonina,Jonah,Presland,07/20/2002,apresland6c@spiegel.de,940240741
230,pK89@#~\C9AvZp,Kendell,Tamma,Cholwell,Rowlett,11/03/2002,trowlett6d@360.cn,911651577
231,oE71>/du>XriF,Jeannette,Jerri,Rogan,Mor,06/03/2001,jmor6e@xing.com,910040157
232,zO79*MKUy_'b,Davita,Robena,Coldman,Matthai,08/28/2002,rmatthai6f@apple.com,928045725
233,hZ06`/*/j6nj,Suzanna,Nevsa,Senchenko,Ewbanks,09/18/2002,newbanks6g@tripadvisor.com,969861269
234,zJ07~>5>$D,Joel,Katheryn,Fellos,McBratney,04/21/2001,kmcbratney6h@dailymotion.com,985553844
235,"vY76""DB(VF%QL#",Griffie,Teresina,Farbrother,Josey,01/31/2002,tjosey6i@globo.com,983993917
236,"dN05,v,>5o!",Farica,Garold,Stears,Goudard,09/12/2002,ggoudard6j@buzzfeed.com,929086106
237,rO71?sb!7Q0cnc,Bridgette,Karla,Balderstone,Shuxsmith,04/06/2002,kshuxsmith6k@addtoany.com,975637223
238,vO78>0+|NaoA?,Veronika,Arel,Godlee,Cluderay,03/24/2001,acluderay6l@sciencedirect.com,986564610
239,"dI47!jheQ\,#nS",John,Tamra,Piele,Baily,03/22/2002,tbaily6m@cbsnews.com,971936433
240,cU94+V*,Rozalin,Yettie,Eicke,Schoolcroft,06/24/2003,yschoolcroft6n@163.com,906388219
241,"kI58{k{,0*r`Q",Holly,Chrysa,Shattock,Stolte,11/12/2002,cstolte6o@ucsd.edu,957824066
242,gK71@?$,Barnebas,Ketty,Lebell,Nassie,03/28/2002,knassie6p@army.mil,941835689
243,fO47)x75s,Tremaine,Neilla,Prinett,Stitch,09/11/2001,nstitch6q@booking.com,958008212
244,cT11(rb~\`S,Thorstein,Tomlin,Crut,Antecki,07/08/2001,tantecki6r@msu.edu,971621464
245,gV94/A=nHw.{yA,Peggie,Robinetta,Aberdeen,Tickner,04/26/2003,rtickner6s@lulu.com,955945971
246,bT71~?6,Aloisia,Marlane,Benech,Pringley,03/10/2002,mpringley6t@nba.com,985927291
247,sM78&I<>IN0ind,Benn,Harley,Brazenor,Hiland,11/23/2001,hhiland6u@feedburner.com,993614875
248,sI48\.Xoa{=#.w,Flori,Alika,Marchand,Bray,12/02/2001,abray6v@amazon.de,952743616
249,mE26<dL,Friedrich,Sisely,Hindes,Broadbridge,10/04/2000,sbroadbridge6w@reddit.com,948134423
250,"rY67#8,.0",Ruthie,Vittorio,Revell,Cleworth,03/19/2002,vcleworth6x@alexa.com,922758286
251,"pQ84""!*",Rabbi,Lauraine,Jodrelle,Terrett,09/03/2002,lterrett6y@bbb.org,965242158
252,uC64$=atR,Neala,Kaleb,Tudge,Wilcher,02/04/2001,kwilcher6z@amazon.co.jp,947421397
253,xU29*/m1iSRUP+,Shelton,Jacenta,McKeeman,Issit,05/05/2003,jissit70@youtube.com,952590138
254,"lA85""'#bVG/=,",Jerome,Lauryn,De Micoli,Tewkesbury.,04/02/2003,ltewkesbury71@cisco.com,973744832
255,uF57)euW,Taylor,Anthia,Luparto,Baldick,07/15/2000,abaldick72@unc.edu,919116470
256,iI12}W.9BQ,Fidela,Carmelina,Rasor,Copeland,11/29/2000,ccopeland73@psu.edu,911706423
257,tN81}TvW?,Desmond,Luke,Riha,Wetherell,12/11/2002,lwetherell74@fotki.com,986720257
258,gR40{gH.y+N,Moises,Alvy,Spivie,Cheverell,12/31/2000,acheverell75@blogtalkradio.com,937796741
259,sX93!beajSEh,Amber,Dorolice,Whiteford,Rowcastle,08/29/2000,drowcastle76@cnet.com,910783829
260,kM12%}rF$,Gardie,Brennen,Rosenthaler,Henriksson,04/26/2001,bhenriksson77@rediff.com,910479613
261,pI24?W/,Avigdor,Valene,Howitt,Hesser,04/27/2001,vhesser78@bloomberg.com,974510027
262,oC18)36%\),Carry,Andriette,Fawlkes,Gerrey,02/02/2003,agerrey79@adobe.com,930290716
263,zJ28//J~Nz(F,Raychel,Denny,Flaherty,Metrick,10/03/2000,dmetrick7a@businessinsider.com,910372495
264,bB76@|!\YQ#S,Ethelred,Davy,Gerholz,Acome,08/10/2000,dacome7b@taobao.com,976673188
265,jU02?M',Celene,Gilbertina,Annets,Button,07/13/2001,gbutton7c@instagram.com,988660448
266,uB19&{?o4_%,Nikola,Lonnard,Boscher,Markussen,09/29/2000,lmarkussen7d@feedburner.com,947583001
267,cG59$.5nY@_,Levin,Cyndi,Towsie,Tunbridge,04/28/2001,ctunbridge7e@indiegogo.com,968857464
268,aR49@926(L+ru,Cleavland,Danica,Elen,Dinley,07/17/2000,ddinley7f@japanpost.jp,915216558
269,qL30'c~M'n,Cecily,Diego,Balke,Slight,06/18/2002,dslight7g@ca.gov,954142184
270,vY50=5n<s'bOX,Timotheus,Stoddard,Stert,Baskeyfied,01/15/2002,sbaskeyfied7h@hibu.com,934000420
271,fB51>f=~,Katinka,Alexandr,Lideard,Gaule,03/06/2001,agaule7i@bizjournals.com,949952123
272,qB71&`m,Yorgos,Staffard,Herety,Ferraro,10/14/2000,sferraro7j@posterous.com,942241490
273,"gO66""|2us",Gayle,Moss,Creany,Vila,04/23/2003,mvila7k@webmd.com,935049570
274,nW49#}*R{B=,Paula,Kirsten,Laible,Lerwill,08/25/2000,klerwill7l@sfgate.com,958700705
275,dQ87=5TB,Alvin,Douglas,Simioli,Rubke,06/04/2003,drubke7m@livejournal.com,934879595
276,iJ88}y+jj2,Eduino,Zandra,Fowles,Harmon,06/13/2001,zharmon7n@constantcontact.com,915275182
277,kV89\+d=S(1{9,Brnaby,Wat,Charon,Willey,06/28/2001,wwilley7o@ed.gov,949773870
278,"bG36(7,tcy",Albie,Arty,Carlyle,Walworth,03/21/2001,awalworth7p@discuz.net,937252445
279,bG06%l+1,Rodney,Sharron,Turpey,Paiton,09/19/2002,spaiton7q@google.ru,995989937
280,kK03{zRojxx,Gus,Vanya,De Beauchemp,Halewood,10/15/2002,vhalewood7r@fema.gov,917982428
281,aX36?X\=JXrY,Dilly,Cassandry,Josselson,Dunmore,11/09/2001,cdunmore7s@sciencedirect.com,930737214
282,kN77{GL2uT#,Lynette,Brook,Frensch,Grimsley,02/10/2002,bgrimsley7t@shop-pro.jp,994071025
283,eA42)broyUH)nZ,D'arcy,Minta,McCracken,Lydall,12/10/2001,mlydall7u@youtube.com,900054038
284,hR27$m6\,Ewan,Markus,Kencott,Fibbitts,01/29/2001,mfibbitts7v@ibm.com,996751356
285,"uU55?w7U$""",Katuscha,Elfrieda,Rolfi,Trevan,02/27/2003,etrevan7w@kickstarter.com,925457039
286,uI26{?*P!h,Abigail,Benedikt,Britten,Stringman,09/07/2001,bstringman7x@slate.com,941278970
287,dD74\3Z,Jerrylee,Brit,Garrique,Sagg,10/11/2001,bsagg7y@timesonline.co.uk,928960064
288,"sD20*Nob|U4,",Seana,Matias,Joder,Ravelus,05/05/2003,mravelus7z@hc360.com,951575657
289,fO33#+)Y,Cassie,Tawnya,Kiera,Gaspar,08/18/2001,tgaspar80@bbb.org,913935086
290,"cV76,*X",Lucina,Reade,Depke,Kimbrey,11/23/2002,rkimbrey81@amazon.de,921752523
291,tC89@1Q@fA/<%H,Carla,Sephira,Ensley,Rudwell,12/12/2001,srudwell82@storify.com,978662542
292,zO05(s+RYv,Guillema,Franny,Garraway,O'Cooney,04/27/2003,focooney83@technorati.com,901321492
293,aF68||wumT69,Reube,Hayward,Stansall,Lowther,03/11/2002,hlowther84@wordpress.org,919536853
294,"qR51""S`9",Mallorie,Danita,Tatershall,McGillicuddy,02/01/2002,dmcgillicuddy85@about.me,955343204
295,"cD12!,PU`",Garek,Hilde,Siely,Bliben,03/10/2003,hbliben86@studiopress.com,926713931
296,jZ61#''y8LG,Adelaida,Henryetta,Branson,Thurston,08/23/2001,hthurston87@twitpic.com,958456897
297,tB57}M|#),Diana,Fabien,Bonson,Siderfin,03/24/2003,fsiderfin88@scribd.com,932500318
298,oC22_4ga,Erda,Sibby,Knightsbridge,Klemz,11/05/2000,sklemz89@unblog.fr,913357140
299,vM11)9RPe{X,Matelda,Melantha,Alldritt,Goult,12/03/2001,mgoult8a@cdc.gov,956144348
300,gG66(pH5zw2,Veronike,Ode,Fogt,McKerlie,02/17/2001,omckerlie8b@nyu.edu,970765329
301,aX03!cP,Tawsha,Dierdre,Vida,Gamblin,04/08/2001,dgamblin8c@nydailynews.com,973300767
302,qY95?27,Loralie,Cornela,Tapin,Fenimore,09/11/2001,cfenimore8d@wordpress.com,976691335
303,aZ67_bp/5}8,Lloyd,Sadie,Elsie,Gammie,02/04/2001,sgammie8e@nps.gov,936632551
304,fG55{IDXE)%B,Margie,Shelby,Richin,Antosik,09/09/2000,santosik8f@marketwatch.com,981557082
305,cA34$V!AH/+,Delmer,Belle,McTavish,Covey,10/01/2002,bcovey8g@constantcontact.com,964726995
306,rR34!TuZe',Yance,Dionysus,Furmonger,Connal,11/22/2001,dconnal8h@hubpages.com,983710740
307,mA36.XYx|5$yK,Ianthe,Jodi,Scargill,Woodfine,07/17/2001,jwoodfine8i@stumbleupon.com,925796416
308,wD78@Dk}r,Parnell,Berenice,Bradford,Sancto,02/23/2002,bsancto8j@4shared.com,977228575
309,iC91(6fE!,Colby,Pia,Axby,Hurdiss,03/22/2003,phurdiss8k@gizmodo.com,983805036
310,lC20{SC?A\EB1z,Guillaume,Perren,Brandom,Plank,01/23/2002,pplank8l@nifty.com,947958297
311,zR92<DwFRW,Adora,Valeria,Wanklyn,Crosfeld,05/22/2003,vcrosfeld8m@reference.com,931093500
312,gB26}=!N,Rana,Gun,Wiley,Wellsman,04/26/2001,gwellsman8n@purevolume.com,999586930
313,zY04$LIiBA,Zora,Hakeem,Jaray,Mulkerrins,10/28/2000,hmulkerrins8o@cbc.ca,900304581
314,"pE18""3WtTw{qa",Elysee,Ximenez,Backhurst,Stimpson,04/16/2001,xstimpson8p@blinklist.com,967688673
315,kL72'f.~QL,Nelli,Iormina,Bart,Morrel,09/27/2002,imorrel8q@fotki.com,985291525
316,"gV21#_""a.=I=",Ozzie,Clarabelle,Humbles,Konneke,01/26/2003,ckonneke8r@ow.ly,912417095
317,nB46''9>,Nikos,Elvyn,Spearett,Blackham,01/11/2001,eblackham8s@tuttocitta.it,907708975
318,bQ84$v2(WCj,Cassandra,Grata,Aspole,Apfel,10/17/2002,gapfel8t@nymag.com,978233287
319,xY95`D.oa0f,Rozalie,Aurel,Oxe,Maus,12/01/2002,amaus8u@ftc.gov,996090396
320,eX79|K*\6ylV,Ronna,Rolph,Barbery,Crampin,02/06/2003,rcrampin8v@slideshare.net,972171954
321,bT06@Fa(&i3J,Pieter,Gawain,Greyes,Gooderick,03/01/2001,ggooderick8w@bravesites.com,933007770
322,qO79|4i,Eleanore,Mile,Wincer,Doman,01/25/2003,mdoman8x@wp.com,971886923
323,"yT36>*X""",Cornelle,Mose,Otton,Matieu,02/20/2001,mmatieu8y@ning.com,988189135
324,"kW52,`V",Claudius,Hinze,Lardnar,Mitchel,05/28/2002,hmitchel8z@stanford.edu,948848171
325,zY23#{Y)WP2,Ettore,Carlie,Deas,Babbs,06/10/2003,cbabbs90@t.co,948262585
326,dZ04)ttdQ9SEi,Greggory,Rab,Klammt,Marciskewski,09/25/2001,rmarciskewski91@europa.eu,980593911
327,zB19'SYyaIz,Dorette,Olav,Hourston,Masser,07/27/2002,omasser92@theguardian.com,925159788
328,bC40~5C1r,Olly,Lorita,Axcel,De Angelo,06/03/2003,ldeangelo93@nyu.edu,972415271
329,nW32|LDl,Annadiana,Fidel,Wyvill,Durnill,09/04/2002,fdurnill94@hugedomains.com,969251563
330,mM67&4(\Vc3Q,Estella,Chaddy,Rossander,Critzen,08/29/2000,ccritzen95@hp.com,922310447
331,tA22<BV,Lezley,Margaretta,Martinec,Cadlock,07/10/2000,mcadlock96@imdb.com,969630393
332,xZ77$jx$S(Pq,Ives,Carlos,Roxby,Bovis,05/25/2001,cbovis97@theguardian.com,978942303
333,aE82`K+kYBZpy,Gratiana,Fraze,Dickman,Jeenes,09/03/2002,fjeenes98@unesco.org,982035714
334,hE27<xWpc7,Mandie,Midge,Dredge,Lockey,10/29/2000,mlockey99@apache.org,968728005
335,rP35}!ZOu,Sterling,Brigham,Rimington,Belbin,12/05/2001,bbelbin9a@oracle.com,996499843
336,gO55|/O7,Saloma,Chilton,Demsey,Webben,02/14/2001,cwebben9b@newsvine.com,968701072
337,eB88>1xG_I,Rainer,Sid,Conn,Nowill,12/10/2002,snowill9c@thetimes.co.uk,913837351
338,oH99!s`X)E,Friedrick,Lauretta,Hurdis,De Domenici,07/14/2002,ldedomenici9d@europa.eu,999694000
339,rG56#=?,Luciano,Carol-jean,Pryke,Morris,04/10/2001,cmorris9e@sun.com,923629406
340,"tA51`Y,E",Robbyn,Modestia,Fleischmann,Spadoni,06/30/2002,mspadoni9f@desdev.cn,966810250
341,mL95'e),Adrian,Ignacius,Mundle,Pavlata,12/07/2001,ipavlata9g@latimes.com,978505890
342,"oM37,aDC7haO",Zachary,Delinda,Sauniere,Lucock,01/06/2002,dlucock9h@slashdot.org,970760435
343,wZ07\IsEy*&D),Carlyn,Elmore,Rapier,Dudmarsh,05/13/2003,edudmarsh9i@github.com,956450139
344,fD33_|9,Galvan,Saundra,Rentcome,Nuemann,04/05/2003,snuemann9j@mapquest.com,931973241
345,pI31_GHNNL,Lexine,Ardenia,McNevin,Bruty,05/30/2001,abruty9k@unc.edu,919120039
346,kJ38'.X,Margarita,Cloe,Westgarth,Mellers,02/25/2002,cmellers9l@ibm.com,933956435
347,qV09~\.h~,Sherie,Erinn,Chetwin,Chellam,12/09/2001,echellam9m@slate.com,918580355
348,oJ97.EUGk,Leupold,Carlita,Milleton,Shivlin,10/30/2001,cshivlin9n@elegantthemes.com,977249270
349,"hL45|U,",Jule,Nathanial,Gieraths,Le Merchant,12/09/2000,nlemerchant9o@theatlantic.com,950966301
350,gA11&~($|<C)xL,Karel,Alberta,Runnett,Biaggi,05/03/2001,abiaggi9p@cnbc.com,913106045
351,"bL58""_fi@",Katlin,Denyse,Boissier,Threader,11/07/2000,dthreader9q@people.com.cn,902397845
352,tM28{GxAMo/TyM,Cathlene,Jemmy,Draayer,Roddell,05/22/2002,jroddell9r@blog.com,970628156
353,"fN54_I,ZCJ%tC7",Dennie,Gibbie,Ivison,Auston,12/24/2002,gauston9s@gizmodo.com,950901696
354,qZ04@?6m'HUc,Laryssa,Arturo,Cankett,O'Loughnan,07/16/2002,aoloughnan9t@hexun.com,979701960
355,"uA08_H""wYA",Clarke,Bamby,Gatward,Bundock,02/20/2001,bbundock9u@fc2.com,930621520
356,tE76@rwi\,Minni,Letisha,Calabry,MacKegg,01/12/2001,lmackegg9v@theguardian.com,939558763
357,tW84&=8'bR5gMx,Odessa,Martyn,Quiney,Avesque,06/14/2001,mavesque9w@toplist.cz,961773248
358,aY66!fRod(Ex,Thom,Caritta,Harlow,Treadaway,11/10/2000,ctreadaway9x@webeden.co.uk,958192145
359,tV38|cM,Nevin,Gayel,Gerin,Broun,12/27/2000,gbroun9y@trellian.com,964683174
360,dK18~tnIJ4,Immanuel,Else,Pietri,Irvine,09/12/2002,eirvine9z@parallels.com,964518420
361,dR37~F96m!,Zia,Farris,Lappine,Collingwood,03/30/2003,fcollingwooda0@tiny.cc,966667803
362,rA74</@D/,Micki,Hermine,Bertomeu,Gaunt,09/01/2002,hgaunta1@howstuffworks.com,900482718
363,pM77&&vZI,Gunar,Luz,Slatcher,Chung,08/22/2000,lchunga2@comsenz.com,963801531
364,"bY07|@BYD7""",Richy,Eric,Cuthbert,Digance,10/27/2002,edigancea3@chicagotribune.com,937174198
365,rD14!0Zr%6g)F.,Kate,Humfrey,Klulik,Bowich,12/10/2002,hbowicha4@meetup.com,932538550
366,fZ98?U9nRu_7,Basilio,Edik,Neising,Scroggs,09/13/2002,escroggsa5@webmd.com,943277907
367,tM11#zx4{41qM,Burg,Howie,Sheldrick,Albasiny,08/03/2000,halbasinya6@bloglines.com,926174323
368,"hJ26!7Z,I",Bowie,Earvin,Summerfield,Laimable,01/08/2001,elaimablea7@google.es,912506704
369,iR43~`KtjX66nO,Shanan,Muhammad,Blasl,Crux,08/28/2001,mcruxa8@discuz.net,996016576
370,iS14_4Z1!WS=,Cacilia,Gifford,Milby,Claybourn,11/27/2000,gclaybourna9@amazonaws.com,937520461
371,rI42{YJO,Dorelia,Danita,Geoghegan,Reymers,05/30/2003,dreymersaa@wiley.com,991978194
372,qP55~*V,Wayne,Otto,Sneath,Toop,01/17/2002,otoopab@google.cn,957913387
373,mW96@+%SA,Lisbeth,Carole,Caroli,Kiddle,02/24/2002,ckiddleac@reference.com,909076466
374,"iV27""DE.,A{x7,",Theodor,Samaria,Bowld,Braney,05/07/2002,sbraneyad@hexun.com,960478510
375,oL55_z%%_~DoZ,Annice,Marji,Imesen,Cargenven,03/01/2001,mcargenvenae@amazonaws.com,999742751
376,cW21(LTCr%U039,Pryce,Doy,Bratley,Lapwood,08/18/2002,dlapwoodaf@amazonaws.com,961357184
377,"gO49',)a$vdaE",Rodolphe,Rianon,Junkin,Capponeer,02/16/2003,rcapponeerag@reuters.com,931914785
378,kD23#daSi>JU,Natassia,Cameron,Heineke,Lewendon,08/18/2002,clewendonah@csmonitor.com,934163053
379,dJ69=hA_,Merline,Dietrich,Lufkin,Queste,11/29/2000,dquesteai@aboutads.info,941327542
380,rT47$9z_3!r3,Ulrika,Lorrie,Pemble,Ludford,10/30/2000,lludfordaj@t.co,964323816
381,"yK76,RX>WA1T",Clementina,Fidel,Van den Hof,Ruos,04/11/2003,fruosak@ed.gov,922037590
382,kN84<O.'aN@,Abbot,Karrie,Kindleside,Edmund,05/23/2001,kedmundal@un.org,910453287
383,"cS74`=+(""",Taber,August,Attrill,Elsworth,03/02/2003,aelswortham@rakuten.co.jp,904964428
384,sX82%mi0x,Katheryn,Ardelle,Di Ruggero,Bastick,01/12/2002,abastickan@miibeian.gov.cn,992348945
385,wD38<LZLbwp,Susanna,Conn,Jendas,Venton,03/12/2002,cventonao@smh.com.au,901470915
386,jF24.`MiS9pz,Olive,Yevette,Graeser,Andre,03/30/2001,yandreap@example.com,969766555
387,"dM19,=0gG1*}2.",Lonny,Marten,Plaister,Wimlet,09/25/2000,mwimletaq@163.com,909311773
388,zQ57=s`B5),Jake,Neel,Murfett,Sach,06/22/2002,nsachar@google.pl,909678061
389,"qD34'U+,|a5",Evangelina,Jared,Codi,Luis,10/05/2000,jluisas@scribd.com,916363240
390,tZ89.9kD*,Joshua,Fawn,Lewcock,O'Gready,07/21/2002,fogreadyat@bloglovin.com,947764903
391,sC28<tIl~?qQ,Malcolm,Mose,Varley,Hosier,04/16/2002,mhosierau@senate.gov,979205680
392,qM91+ec=VQ,Ive,Doug,Forte,Hatt,07/24/2002,dhattav@flavors.me,920163626
393,vM54/H23`Wve0q,Dreddy,Giraud,Sowood,Gutowski,02/01/2003,ggutowskiaw@icq.com,912130677
394,vW51<Co2'6V2SG,Mylo,Hyman,Ryland,Top,05/24/2003,htopax@google.ca,985912053
395,"sS23""u71d9",Elsworth,Karia,Hanshaw,Oleksiak,12/04/2002,koleksiakay@nature.com,989119093
396,rE17(_<B,Amelita,Rupert,Pavitt,Goudie,01/11/2001,rgoudieaz@zimbio.com,916869653
397,"bO37,1R`|{n",Dewie,Candace,Rutherforth,Ladel,06/07/2003,cladelb0@about.me,938160539
398,oW95&bf>'J,Hamnet,Albertina,Heinlein,Schwaiger,01/04/2003,aschwaigerb1@tripadvisor.com,962206793
399,"iB54,mufF",Christen,Chickie,Durbridge,Romi,09/13/2001,cromib2@addtoany.com,949226410
400,jU23'Ykq,Shandra,Wakefield,Vanyutin,Hambribe,04/11/2002,whambribeb3@jimdo.com,950758004
401,tW10$CjiyAXB,Johann,Bill,Kayley,Molian,12/18/2000,bmolianb4@abc.net.au,975921049
402,zL09%mRd,Annalise,Milli,Joron,Andryushchenko,12/01/2000,mandryushchenkob5@oracle.com,915206127
403,kL66}hbBH+,Fitzgerald,Florida,Aiston,Rimer,11/18/2002,frimerb6@mozilla.org,926399988
404,rW42*_o!7,Lyle,Mort,Taylorson,Ivannikov,04/14/2003,mivannikovb7@samsung.com,924885507
405,fD24|VT3FEW,Keriann,Karena,Rolfe,Sawkins,07/25/2001,ksawkinsb8@wix.com,960775628
406,sD96_$n,Glenna,Brittne,McGennis,Sarsfield,08/21/2000,bsarsfieldb9@blogs.com,987621645
407,mX92)/nMaB*G@,Gregoire,Morgen,Atkin,Gillbanks,04/20/2003,mgillbanksba@prlog.org,906146157
408,iV01{9.t,Nonie,Standford,Ramstead,Schrir,09/30/2002,sschrirbb@howstuffworks.com,975992775
409,"mN68""bQ""",Cherice,Irvine,Alldis,Firk,06/03/2002,ifirkbc@jugem.jp,991337491
410,"tD99.xp"",",Chloe,Danna,Llopis,Driver,05/31/2002,ddriverbd@comsenz.com,925416241
411,jT30?L@Zp?,Kathryne,Shurlocke,Ellwood,Hames,10/13/2002,shamesbe@forbes.com,992484889
412,tO38/GFX,Thadeus,Lesly,Henriksson,Chataignier,05/13/2002,lchataignierbf@digg.com,986366105
413,uI65/~5,Skipper,Milena,Riddel,Muncer,07/13/2001,mmuncerbg@uol.com.br,910945019
414,vK31>$lB,Fredericka,Gae,Cholmondeley,Bompass,09/10/2001,gbompassbh@joomla.org,978318748
415,lG37_#QV'S`,Red,Gussi,Mariner,Giovannacc@i,12/22/2001,ggiovannaccibi@flavors.me,922362262
416,nK65|%h|,Calida,Oralla,Duffett,Schiell,10/13/2002,oschiellbj@oracle.com,982070943
417,yL74=3f{,Jeannette,Rochester,Osmond,Hammett,09/16/2000,rhammettbk@ycombinator.com,974511766
418,hO66)QH|(Q,Van,Shauna,Chritchlow,Bachman,06/09/2003,sbachmanbl@google.nl,938818049
419,dQ30<Tnk5\S',Conrado,Verene,Garci,Yackiminie,01/05/2001,vyackiminiebm@xinhuanet.com,983508711
420,fD85>+*,Kippy,Lars,Mattock,Kydd,06/24/2003,lkyddbn@chron.com,906092026
421,uE75&rJ+h,Dorelia,Bone,Kubica,Poundsford,04/14/2002,bpoundsfordbo@cafepress.com,990715651
422,fZ59#Nf,Deidre,Layne,Sitwell,Hambridge,07/08/2002,lhambridgebp@umich.edu,977711071
423,"fC84""|&o.tor",Veronike,Dacey,Conwell,Guess,10/05/2001,dguessbq@accuweather.com,999908689
424,aL53{nGOq/_xAw,Cale,Sam,Creavan,Sneesbie,09/08/2000,ssneesbiebr@prweb.com,963695056
425,lK06*OaaMi,Christen,Milissent,Foxley,Dalmon,11/01/2001,mdalmonbs@booking.com,936442863
426,"fA13,&S=j*",Shirlene,Floria,Cleaton,Broose,11/01/2002,fbroosebt@rakuten.co.jp,947431515
427,dK82|K*9,Matthias,Jocelyn,Jarrette,Gundry,06/05/2002,jgundrybu@bbb.org,942362586
428,kA15|p9EqCS#!,Matti,Casar,Durgan,Aseef,10/08/2002,caseefbv@1688.com,995283513
429,"nW60""c_+'",Bordy,Vivi,Lamey,Grzeszczak,02/05/2003,vgrzeszczakbw@bluehost.com,993224158
430,eL54(IiQVZ,Ave,Tom,Brunger,Gentery,03/29/2001,tgenterybx@state.gov,997965922
431,oY56_NZQ\o>.t,Waverley,Thebault,Jessard,Ferrini,12/30/2000,tferriniby@flickr.com,931348159
432,"oI27!`1""n",Ring,Brendin,Payfoot,Searjeant,08/03/2001,bsearjeantbz@jalbum.net,973943162
433,yP46|?_xYy9ZG,Cristiano,Arny,Zanioletti,Pinder,04/25/2001,apinderc0@loc.gov,993508268
434,oF40|*r,Sandor,Tiertza,Pembery,Procter,05/25/2003,tprocterc1@cdbaby.com,992066077
435,jY63{Jta5{a9,Tedman,Kalli,Morriss,Kerbler,04/15/2003,kkerblerc2@vimeo.com,948396393
436,"mJ17!!cy""Gu09Q",Rand,Brannon,Cinderey,Newlyn,12/22/2002,bnewlync3@unblog.fr,989581234
437,dW30*d@+,Stearne,Britt,Pescud,Danilyak,03/09/2001,bdanilyakc4@exblog.jp,928357326
438,sL28=4|R)5C,Brittan,Halley,Davydychev,Kynson,10/11/2000,hkynsonc5@rambler.ru,993846400
439,uZ04!80y#Yfnm?,Hetty,Tom,Cowdray,Odby,10/23/2000,todbyc6@wiley.com,966482089
440,qZ72/&x.,Laetitia,Dyanna,Lakeland,Symonds,05/02/2002,dsymondsc7@epa.gov,965898369
441,tY27}_)u,Wheeler,Terrill,Reddlesden,O'Sherrin,03/17/2001,tosherrinc8@google.com.au,906711956
442,xQ28{WL(+gH9,Fulton,Christel,Walding,Dunphie,07/01/2002,cdunphiec9@about.com,955588532
443,tO09}`j'@y,Mallory,Camile,Sawer,Sumption,06/27/2001,csumptionca@usa.gov,945477716
444,pU60*4wgD,Kristel,Lauren,Cropton,Goldwater,12/17/2000,lgoldwatercb@phpbb.com,926755332
445,bB41`85d'ZM,Blaine,Maybelle,Diament,Spillard,05/02/2001,mspillardcc@who.int,973313347
446,"qE47,}V<""OYo~",Allissa,Carlynne,Whysall,Castelli,02/06/2003,ccastellicd@ucoz.ru,985892211
447,zD27?OU`L,Ber,Ethyl,Mathevon,Parsley,06/20/2001,eparsleyce@ed.gov,943035584
448,"hD89,,lm.aX5",Teressa,Kimbra,Boulsher,Insworth,11/30/2001,kinsworthcf@usa.gov,978267607
449,oE23&Dc%=KL.%,Mei,Rosette,Adams,Porrett,09/27/2002,rporrettcg@shutterfly.com,977341512
450,"dZ98%HFZ,tkQ",Elianora,Grier,Caret,Ronnay,06/19/2002,gronnaych@ifeng.com,981464040
451,uB50!~MY6@Y`,Shanie,Aleksandr,Morewood,Winterbourne,05/31/2003,awinterbourneci@discuz.net,995903621
452,nC23_/Q}6>+bI,Lester,Cherilynn,Burgon,Beedle,09/02/2000,cbeedlecj@amazon.co.uk,973373150
453,vS31)(.RANT<S`,Blair,Tristam,Doding,Giacubbo,05/10/2002,tgiacubbock@elegantthemes.com,902979500
454,"fG98""AS\oo",Hernando,Theodosia,Maroney,Antonescu,12/15/2001,tantonescucl@eventbrite.com,944633285
455,nW85(tKln\,Lanie,Lita,Guerin,Ruggs,11/06/2001,lruggscm@wufoo.com,918964407
456,"kY45/,e#",Jerry,Nathaniel,Djekic,Marchent,09/11/2001,nmarchentcn@senate.gov,940137588
457,nP86}$LN@Hs,Katey,Dennison,Hucklesby,Lally,11/18/2001,dlallyco@virginia.edu,974605736
458,tP69{OR*|a\xOl,Gordon,Lolly,Reavell,Monroe,04/03/2003,lmonroecp@ucla.edu,937743745
459,vC24~6@~$U#,Darrel,Isaiah,MacLure,Eves,06/17/2003,ievescq@yellowbook.com,902648610
460,"kE59>~d,$){CRM",Ulrika,Gratia,Gothup,Dankersley,01/08/2003,gdankersleycr@php.net,952738236
461,kG48$B(`,Melvin,Demetra,Batram,Lindstedt,07/22/2000,dlindstedtcs@netlog.com,905427986
462,"cI46$UU.QSV,i'",Leela,Athena,Rubinsztein,Olek,11/23/2002,aolekct@devhub.com,959169779
463,"hB62""aC",Salvador,Etan,Da Costa,Rillatt,11/16/2001,erillattcu@blogger.com,978729858
464,sD46!B\6Hh94,Cobby,Shepherd,Kitchingman,Fosdyke,05/21/2002,sfosdykecv@mail.ru,903848461
465,jC52|m$k~qq69,Tory,Beltran,Billinge,Arkcoll,12/29/2000,barkcollcw@arstechnica.com,919722856
466,"hR61{t""6Zqo,&Y",Yorgos,Ancell,Fritchley,Safont,05/19/2001,asafontcx@blogs.com,975844512
467,rO59#AC`VuYO0#,Kamilah,Brande,Cornelissen,Chrisp,04/03/2001,bchrispcy@liveinternet.ru,984357865
468,"hF81#""#\$}",Rolfe,Vassili,Lyall,Van Dalen,06/07/2002,vvandalencz@studiopress.com,936990731
469,zD75_`i5xzA,Gayelord,Minerva,McCrillis,Lockless,07/13/2002,mlocklessd0@cdbaby.com,984849246
470,rE12*U}1d,Joycelin,Korey,Beasleigh,Heninghem,01/23/2003,kheninghemd1@flickr.com,987128524
471,aS36'TXB6H,Letitia,Vonny,Foulgham,Spirritt,10/23/2002,vspirrittd2@icq.com,988032934
472,mK82&v\g,Silvain,Kit,Riggert,Oxshott,11/14/2000,koxshottd3@accuweather.com,918129652
473,aW52.?Lg'_t,Simon,Sheffie,Olyet,Aireton,01/24/2001,sairetond4@tiny.cc,975725350
474,yC29+?Xq4%G',Josi,Jonie,Esch,Renbold,03/23/2001,jrenboldd5@accuweather.com,950995620
475,bX38%pX6VUvhrQ,Ruperta,Ethelind,Denne,Caillou,04/09/2002,ecailloud6@theguardian.com,928875640
476,eD50#NRhi,Nanci,Teodorico,Grummitt,Kane,02/22/2003,tkaned7@house.gov,956614821
477,wS36<K8lp\s,Mike,Mallory,Crooks,Phythien,11/22/2002,mphythiend8@theglobeandmail.com,969684124
478,iQ37!R*dw&Z*3m,Kinny,Terrell,Fargher,Thorowgood,04/12/2003,tthorowgoodd9@networkadvertising.org,924155198
479,wV07~{7df6&<,Klement,Carney,Stockell,Brandes,09/29/2001,cbrandesda@netlog.com,965629401
480,oE45%<7,Drusy,Scotty,Fawcus,Dodell,06/19/2002,sdodelldb@webs.com,986529977
481,cG08~rYP,Ranna,Aloisia,Messum,Laraway,02/13/2001,alarawaydc@ycombinator.com,913981080
482,"gR50.3J,",Jedd,Brinn,Renoden,Spradbery,08/13/2002,bspradberydd@instagram.com,984946366
483,qW57)O\tndk(,Louella,Stormi,Kausche,Wolfendale,11/08/2002,swolfendalede@biglobe.ne.jp,925449159
484,uM06`*E,Reagan,Ted,Upstone,Haffenden,05/03/2002,thaffendendf@blogger.com,957459315
485,oJ72\8aYI,Rozalin,Ancell,Mattioni,Chislett,11/02/2002,achislettdg@mozilla.com,950171005
486,yC19(az&nY2Fd,Vanni,Devonne,Slimme,Seabridge,03/23/2003,dseabridgedh@answers.com,917172541
487,yU98~}5|,Rory,Packston,Shilladay,Dring,04/08/2003,pdringdi@dagondesign.com,955123465
488,"tB09"""",m",Liane,Briny,Philips,Hallihane,06/24/2002,bhallihanedj@umn.edu,933377455
489,sQ49+)B2Rzu2Zm,Terza,Kimball,Smolan,Stooke,05/05/2003,kstookedk@cdbaby.com,988709094
490,rR88}'!Px),Conny,Alexio,Vitte,Sifflett,04/17/2003,asifflettdl@engadget.com,960927114
491,kN39$ucp|,Rubia,Desiree,Taylorson,Scotchmer,07/09/2002,dscotchmerdm@google.com.br,946368557
492,"tX60,8YZ4X&",Auria,Cristiano,Yon,Janz,03/11/2003,cjanzdn@newyorker.com,948131132
493,wK29|blZi4i,Susette,Shannen,Caddan,Hewins,02/21/2003,shewinsdo@lycos.com,914169440
494,"lH39,S}",Stephana,Aeriell,Ducket,Grancher,02/06/2002,agrancherdp@so-net.ne.jp,943317930
495,"tO72${&N3x""S*!",Kathie,Kally,Laboune,Pettiford,05/31/2002,kpettiforddq@stumbleupon.com,963276327
496,fI21'd}U,Shayne,Danyelle,Jeanenet,Kristufek,08/27/2001,dkristufekdr@accuweather.com,937173980
497,iQ88{USWin}Icf,Morgan,Thaxter,Radmer,Tarte,01/03/2003,ttarteds@howstuffworks.com,970125515
498,tI88(cC+5#,Creight,Nydia,Bruna,Barnewille,08/26/2000,nbarnewilledt@state.tx.us,959327241
499,oE47\FD$IZ{Ji(,Ruthe,Raf,Duthie,Quoit,06/15/2001,rquoitdu@census.gov,942247413
500,cK58??R,Niki,Dwight,Monk,Bennetto,01/26/2001,dbennettodv@etsy.com,974319546
501,xO07!49d,Dorise,Leonie,Heighton,Kubicki,07/20/2001,lkubickidw@slashdot.org,951592591
502,kK04><d0`@_,Hillie,Slade,Adhams,Beggin,10/26/2000,sbeggindx@spotify.com,927651946
503,aX86!AF,Gilbert,Issi,Semarke,Benyon,02/23/2002,ibenyondy@naver.com,951761129
504,"kP60<""u_tM68c",Fraze,Maynord,Pinney,Spoward,09/02/2000,mspowarddz@weebly.com,935378264
505,hV35{KR$F2e,Dietrich,Cathryn,Fendlen,Druitt,06/02/2001,cdruitte0@wufoo.com,943295703
506,dP95$~(xb{q,Roselle,Pam,Hatliffe,Yaus,10/22/2001,pyause1@reference.com,977988913
507,qE37.zc&XuF{,Berni,Joice,Vairow,Josifovic,07/17/2001,jjosifovice2@cisco.com,945738475
508,oP38?Y&6ck7,Ardelia,Laney,Verny,Waring,09/04/2001,lwaringe3@surveymonkey.com,968603736
509,"eY43{""{L+?",Cornelle,Margeaux,Mitchley,Petschel,03/24/2003,mpetschele4@foxnews.com,963392634
510,fC68_sL!i,Kameko,Ernesta,Beningfield,Daniells,10/21/2002,edaniellse5@pen.io,946842403
511,tD69?WnR>,Jessica,Cacilie,Cesconi,Ivanusyev,05/19/2002,civanusyeve6@toplist.cz,957961872
512,pN10\A31!6oDl,Ethelda,Dorothy,Paddy,Delacote,05/12/2003,ddelacotee7@salon.com,965230021
513,nU71%Hi/Us@\,Murdock,Katuscha,Barrows,Foynes,02/13/2001,kfoynese8@i2i.jp,980949225
514,nY39{PnVW6}~,Cristy,Maurizio,Peplow,Diggar,05/13/2002,mdiggare9@about.me,912101615
515,xF63!}jS*g,Ermin,Marchelle,Cornehl,Nassi,10/30/2000,mnassiea@upenn.edu,987470856
516,yD56)(c4w~#ae_,Ingar,Zacharia,McAirt,Ellams,10/08/2002,zellamseb@nhs.uk,913458864
517,rF99>*A?.u,Gianina,Lenna,Robelet,Matteacci,12/25/2002,lmatteacciec@blogs.com,904889945
518,wO67*$jc,Shaine,Franciska,Curling,Adamec,03/30/2001,fadameced@ucoz.com,971619511
519,pB62@6!v0G+,Vyky,Forrester,Lorne,Ogden,10/15/2002,fogdenee@chicagotribune.com,911607208
520,pK54=1a`?Z,Leeann,Kayne,Sholl,Karus,11/02/2001,kkarusef@nature.com,980554774
521,vK05=C7&(,Vinnie,Falito,MacKay,Stivens,01/12/2002,fstivenseg@dot.gov,939856561
522,"xV98,DB?",Marlee,Colas,Atheis,Carnachen,05/04/2001,ccarnacheneh@independent.co.uk,966294170
523,eV79`0D,Duke,Shea,Holdey,Massel,11/08/2000,smasselei@vk.com,919289700
524,jF64<2&,Julietta,Adelaida,Landrean,Vanderplas,08/17/2001,avanderplasej@newsvine.com,930186880
525,"fI30,2Rg(",Andreana,Carole,McKane,Karpushkin,02/26/2001,ckarpushkinek@cam.ac.uk,993152551
526,"oH29""Xt",Jarred,Giselle,Bendan,Folca,08/23/2002,gfolcael@opera.com,997729224
527,jM21})`49D,Aggy,Zolly,Thoma,Waker,07/12/2002,zwakerem@github.com,966568645
528,"vL02,H5{nzjR(s",Mignon,Shanon,Durek,Hinckes,04/19/2002,shinckesen@surveymonkey.com,974528537
529,lC45}6*s(+,Isak,Osbourne,Levene,Pace,06/09/2002,opaceeo@berkeley.edu,973748731
530,eY07'ram\oc,Hadlee,Suzann,Wicklen,Knell,11/18/2001,sknellep@com.com,964203587
531,sD03\wmu>,Irita,Aura,MacMenamy,Traice,10/19/2002,atraiceeq@wikimedia.org,920452346
532,gD99>3puMk{dk>,Joachim,Audrey,Sline,Cattenach,10/28/2000,acattenacher@earthlink.net,904767989
533,"zA32)k""H|B",Daphne,Gloria,Loveland,Wastell,09/03/2000,gwastelles@theglobeandmail.com,998108951
534,"kR30""Tc~ST}gqg",Zachariah,Lian,Stinson,Danzelman,01/04/2002,ldanzelmanet@reddit.com,997740832
535,hO43}KY=BO}T1J,Georgeanna,Stanly,Braunston,Aartsen,01/31/2002,saartseneu@ted.com,982072975
536,dT24#G)G301,Eleonore,Rubina,David,Simpkin,08/25/2001,rsimpkinev@businessweek.com,977530563
537,xU22~REQ,Miranda,Ardenia,Casali,Locarno,07/22/2000,alocarnoew@unicef.org,961353674
538,"zL90.XgTU.,k0j",Kirstin,Pen,Jaouen,Rockcliffe,04/13/2001,prockcliffeex@mapy.cz,908333715
539,aH44{b*,Ransell,Marietta,Roseman,Cullotey,02/22/2001,mculloteyey@cnbc.com,937458988
540,oV01.6y(j7+/,Slade,Adele,Chicchetto,Parman,05/26/2003,aparmanez@psu.edu,931654426
541,uY62%ddOI}f2R,Marthena,Alidia,Schankelborg,Chataignier,08/24/2001,achataignierf0@msn.com,979321744
542,rX97(`)&Ky.}Ig,Domeniga,Elisha,Wallsam,Gillbey,04/12/2003,egillbeyf1@si.edu,963360145
543,"cY04,=hYh/4XIj",Kath,Kendra,Howgate,Spinella,01/05/2002,kspinellaf2@ifeng.com,965547021
544,sS64/p=,Hadrian,Ashlan,Baughan,Leneve,09/01/2002,alenevef3@so-net.ne.jp,903835386
545,oE02$?0EvYU>,Angel,Jeniece,Dobeson,Crocken,09/23/2000,jcrockenf4@nbcnews.com,934742679
546,mH88<!F,Hadley,Tracie,Hambright,Murdie,07/22/2000,tmurdief5@delicious.com,917590968
547,uL20$Shu,Sebastien,Kylila,Gonsalo,Oldford,03/20/2001,koldfordf6@mail.ru,925252065
548,fB82(%Zb9O93,Izak,Jen,Minto,Millis,12/12/2001,jmillisf7@cbc.ca,989396441
549,eU12'T=wp,Dalis,Serene,Rogger,Loyns,07/03/2002,sloynsf8@webmd.com,935410968
550,zK24\9\W,Dannie,Buddy,Simonitto,Lindenblatt,08/18/2000,blindenblattf9@flavors.me,958325948
551,cI52>fPaZ,Leigha,Jedidiah,Hairsnape,Elderbrant,08/25/2001,jelderbrantfa@samsung.com,956581642
552,"tD49,s6i""\KF",Tommi,Joane,Yourell,Toward,03/04/2003,jtowardfb@bloomberg.com,949928236
553,gK66*3gJkq6g0,Gustie,Rhodia,Rhyme,Fridlington,05/13/2001,rfridlingtonfc@mashable.com,960837375
554,oL72$<8|11n1,Tedman,Jaymee,Troman,McCobb,09/08/2000,jmccobbfd@ow.ly,923653054
555,nF84!<_/Py,Arabella,Avril,Lapworth,Lapere,06/08/2002,alaperefe@flavors.me,907035131
556,qP91<@}Qpg/,Thayne,Robby,Walder,Igglesden,03/17/2002,rigglesdenff@google.cn,976965923
557,fN38*YhHP,Alistair,Lyndel,Ede,Puleque,05/02/2002,lpulequefg@chronoengine.com,913678756
558,wW69**I,Jaynell,Bendick,Doggrell,O' Finan,10/18/2000,bofinanfh@fastcompany.com,998775273
559,xO06+<F,Karmen,Corry,Garrett,McElrath,09/22/2000,cmcelrathfi@ning.com,911433397
560,qT46!l?nx,Erv,Kriste,Baelde,Farnall,10/27/2001,kfarnallfj@nba.com,969296823
561,sW18=b?3Kyw,Juliane,Cacilie,D'Alessio,Skerrett,05/24/2002,cskerrettfk@blogtalkradio.com,978510451
562,"oS21}PY""n",Valera,Lebbie,Pobjoy,Jansky,11/08/2002,ljanskyfl@ehow.com,997423324
563,rJ15==<g@yI,Aindrea,Carter,Pepi,Vosse,08/27/2001,cvossefm@barnesandnoble.com,969825328
564,cZ22#Cp|~NQ,Leena,Homer,Forsard,Kindon,07/06/2002,hkindonfn@weebly.com,928458556
565,rY80=eQ!e,Bambie,Natty,Gordge,Elijah,05/10/2001,nelijahfo@shutterfly.com,910141894
566,iJ15}$!k/sH*!,Row,Daphne,Smead,Bisgrove,09/23/2001,dbisgrovefp@ehow.com,944906354
567,rB82|(aL}jOo,Derril,Cristiano,Cooley,Fattori,08/16/2000,cfattorifq@earthlink.net,972550638
568,sF44@<|}cs,Lila,Olympe,Biddlestone,MacKessock,10/29/2002,omackessockfr@aol.com,974059462
569,vM89>n&3,Hubert,Ginnie,Spoward,Cuff,08/14/2002,gcufffs@com.com,911915998
570,tO32{+BA,Marna,Gloriana,Howitt,Orchart,08/13/2002,gorchartft@apple.com,960847838
571,iH87\pi&s+E!i9,Bondon,Zechariah,Baford,Colby,10/12/2002,zcolbyfu@salon.com,988210088
572,fZ01{BsS$ZoBr6,Lydie,Cristi,Celle,Mattei,04/21/2002,cmatteifv@about.com,959213098
573,uR79#isC,Giustina,Denice,Wittey,McGeever,03/19/2001,dmcgeeverfw@netlog.com,905172235
574,pM74$u9<b}m'0,Berrie,Eliot,Plumer,Lars,01/04/2001,elarsfx@wunderground.com,971682839
575,pF21@ad&Z&#nz,Ramona,Shelba,Conrart,McLelland,12/19/2002,smclellandfy@ca.gov,986353308
576,qJ14'qY610RgF,Baxter,Adair,Bleby,Oxberry,06/12/2001,aoxberryfz@go.com,907900370
577,cJ71_aj0s,Giacinta,Joanie,Dight,Pluthero,08/16/2000,jplutherog0@google.de,986995332
578,hG20&+yQ&J$D,Penny,Ellswerth,Mattek,Shellshear,07/15/2001,eshellshearg1@gnu.org,997819135
579,pB31!C8f*dk,Gill,Magdalena,Topham,Kneebone,10/24/2002,mkneeboneg2@aol.com,980781238
580,xC21/669j,Burt,Ginevra,Pummery,Tuffell,01/13/2003,gtuffellg3@irs.gov,930992124
581,gN98$hql2toy,Isadore,Eveleen,Tresler,Crossley,10/17/2001,ecrossleyg4@va.gov,902058413
582,iF67<t%*+,Nadia,Park,Trythall,Ipsly,10/21/2002,pipslyg5@unc.edu,952178914
583,yW45{{Op`Sd1v,Idalina,Gavin,Tregien,Cammock,10/29/2002,gcammockg6@goodreads.com,929867442
584,nL10$Tu2,Devondra,Lindsey,Ledford,Nowakowski,08/05/2000,lnowakowskig7@cocolog-nifty.com,988893912
585,"dC60""m|oI'o?D",Ambros,Nikkie,Meekings,MacCumeskey,02/04/2001,nmaccumeskeyg8@acquirethisname.com,994638931
586,mC40}K'l!+7\,Jordain,Marielle,Bussel,Stockton,09/10/2002,mstocktong9@sitemeter.com,946576701
587,mK48|/C!8g>Q9),Ethelind,Valentijn,Barrar,Sawden,07/10/2000,vsawdenga@wix.com,925168207
588,nW02%e6L)Nb,Chelsae,Bernie,Mawson,Beefon,05/14/2001,bbeefongb@harvard.edu,960117235
589,"tF90""p%4c",Olimpia,Geoffrey,Goodlad,McElvogue,04/19/2001,gmcelvoguegc@deliciousdays.com,939819972
590,eK28}'DgGiu,Loleta,Elvis,Kochl,Figiovanni,08/05/2002,efigiovannigd@toplist.cz,960312907
591,hL11*`Md$)T5,Barclay,Margaretta,Nesbit,Posten,05/30/2003,mpostenge@bizjournals.com,921432503
592,sB48`1RT4,Alfi,Johnnie,Bohling,Linskill,12/22/2000,jlinskillgf@aol.com,996777327
593,cY40.BRcx,Clementine,Fidela,Sollars,Auchterlony,03/16/2002,fauchterlonygg@walmart.com,975611515
594,aH56/FWud7%,Rosemaria,Sigfried,Borthram,Darragh,11/22/2000,sdarraghgh@privacy.gov.au,916212495
595,sJ13&{oZOa&dE,Crysta,Bria,Elldred,Elster,04/20/2002,belstergi@tamu.edu,914596506
596,qR69/)4&,Elfrida,Mallissa,Colliber,Stowers,02/12/2003,mstowersgj@nsw.gov.au,998642066
597,"oH02,Qg",Garey,Woodman,Marfe,Longstaffe,01/22/2003,wlongstaffegk@topsy.com,976857240
598,lM87|%HxRW,Alexi,Kerr,Saye,Bearcroft,02/01/2003,kbearcroftgl@usda.gov,914439592
599,"fR89_"")P}",Brendon,Ettore,Swadden,Leuren,05/14/2003,eleurengm@sfgate.com,946221908
600,dB17(nQ@1,Henriette,Alli,Kleinmintz,Enrique,05/08/2001,aenriquegn@uiuc.edu,950076153
601,oH64*HINm2q?7q,Hillier,Ania,Geall,Dionisetto,08/29/2002,adionisettogo@jimdo.com,930222980
602,rF73/UO,Bendicty,Erich,Doughill,Libreros,04/13/2003,elibrerosgp@si.edu,911918304
603,"tP84""(RQ?""4r\+",Bryon,Carolee,Durrington,Joynson,04/05/2003,cjoynsongq@meetup.com,988311177
604,"nU51>'k,U'h",Neely,Adda,Battie,Gunston,11/20/2000,agunstongr@amazon.co.uk,981327523
605,hQ28{ODMv4,Georas,Jocelyn,Beall,Goding,04/22/2002,jgodinggs@pagesperso-orange.fr,948305433
606,hM64_8jn7,Lian,Reidar,Eldrett,Clemon,05/28/2002,rclemongt@tiny.cc,951460326
607,tO68`+**/A&&,Maximilianus,Jeniffer,Patton,Prickett,04/24/2002,jprickettgu@behance.net,945699634
608,bS67}VzhYB0up{,Tamra,Briney,MacNeachtain,Licciardo,03/14/2003,blicciardogv@apache.org,929587612
609,cP06|)Ghn,Godfrey,Augusta,Penelli,Ewing,04/01/2003,aewinggw@upenn.edu,944628485
610,fB73>5Et?LV,Willard,Brose,Harryman,Bragg,11/06/2000,bbragggx@cornell.edu,954004375
611,wF97`{/+R,Ringo,Witty,Wimlet,Braunter,09/24/2002,wbrauntergy@salon.com,968699054
612,lC64&>X)7,Janey,Mead,Dunphy,Pinar,03/18/2001,mpinargz@skyrock.com,944646815
613,xS54#iuVFJxe,Lacy,Weston,Blaby,Montague,06/09/2002,wmontagueh0@youtube.com,971649287
614,zT48\QLE,Tommy,Pierette,Cyson,Louth,05/22/2001,plouthh1@go.com,930845277
615,hY91'(x3I3*)fq,Amos,Walden,Pilley,Sommerly,07/18/2001,wsommerlyh2@seattletimes.com,912033091
616,eJ19}YJX,Jen,Dorothea,Dufton,Tiltman,06/18/2001,dtiltmanh3@blogtalkradio.com,946499192
617,oF21.p+M?OM,Rebekah,Fancie,Coalbran,McDonald,04/22/2001,fmcdonaldh4@bloglovin.com,942429924
618,rU47\{DH/%jBP?,Rodger,Dew,Cornelius,Lyon,08/31/2001,dlyonh5@macromedia.com,901963994
619,bI76#HeE!LG,Annissa,Reinwald,Cowern,Arnett,09/14/2000,rarnetth6@seattletimes.com,951184618
620,fX90~~Ca),Debera,Judd,Vannoort,Gregol,06/15/2003,jgregolh7@so-net.ne.jp,979411748
621,vL96>AC@1)r,Raphael,Rebeka,Lyfe,De Cleyne,02/09/2003,rdecleyneh8@go.com,971993931
622,"sM76!m6H"">%7T",Mort,Conney,Conquest,William,01/12/2002,cwilliamh9@mit.edu,903379695
623,kL99'PosuO|v),Ekaterina,Yorgos,Linster,Gavin,09/26/2000,ygavinha@independent.co.uk,947979082
624,uM31`+I\Lk,Dasya,Lulu,Stave,Rowell,04/25/2002,lrowellhb@independent.co.uk,908742632
625,cX44!bM%,Brunhilda,Guy,Zanazzi,MacAnellye,01/12/2002,gmacanellyehc@forbes.com,931407993
626,iP90'9++%,Arlinda,Thom,Chaudhry,Sample,04/27/2001,tsamplehd@trellian.com,916304331
627,qR81>%)CUvBC,Madeline,Faustine,Hartzogs,Corns,02/28/2003,fcornshe@adobe.com,916547291
628,kK83&&s!g4zfDk,Cheston,Fara,Dennison,Redholes,09/01/2000,fredholeshf@mit.edu,945065279
629,"zA90{k""uS",Shirlene,Kelwin,Elger,Merrington,06/08/2002,kmerringtonhg@nytimes.com,909734415
630,"lK75,Bf$,*O",Harlan,Luce,Sentance,Kitchiner,04/14/2001,lkitchinerhh@de.vu,908607952
631,zD43?}d6K1C9n$,Billy,Raviv,Greendale,Gregan,03/04/2002,rgreganhi@sogou.com,970723163
632,mJ32`_QPriA|e,Colleen,Audry,Volante,Wilby,04/30/2001,awilbyhj@newsvine.com,974580126
633,nQ57|9f~B!T,Clevey,Torrance,Havesides,Coyett,11/19/2000,tcoyetthk@illinois.edu,914194548
634,vN12/5kEMi@,Justino,Reider,Jedrych,Shapera,09/18/2001,rshaperahl@gmpg.org,917398206
635,jK40*ZlM8w5,Jasmin,Hobie,Melly,Lytle,03/13/2003,hlytlehm@youtube.com,929878251
636,hW66<E%7n${C1,Orton,Cate,Tarzey,Perrelle,12/14/2002,cperrellehn@hp.com,933865183
637,iH54!{BD.lQ#8(,Aylmar,Corny,Giovannelli,Bratt,12/30/2002,cbrattho@opensource.org,983810335
638,zW38@1iFaSm8>p,Doralynne,Vanni,Nertney,Tudor,03/07/2003,vtudorhp@who.int,928222090
639,zO67#CtJ,Judie,Marybeth,Wilfinger,Gilberthorpe,07/09/2000,mgilberthorpehq@accuweather.com,928779196
640,xA04!\(PZE'8\d,Aubrie,Heinrik,Mapson,Hesey,06/10/2003,hheseyhr@patch.com,953311893
641,dQ04/OJK5,Ardyce,Debor,Oxley,Garstan,04/19/2002,dgarstanhs@sourceforge.net,926353314
642,nO96_fohs72Y,Lara,Tamara,Haking,O'Mullally,07/02/2003,tomullallyht@unc.edu,963152407
643,jK03%j>CU%L|D},Christiana,Ninnette,Benedick,Hockey,01/16/2002,nhockeyhu@wikispaces.com,979017015
644,oY61@fFD,Letta,Sutherlan,Hutt,Pyrah,08/07/2002,spyrahhv@army.mil,980848940
645,eJ38{OYv$,Celine,Domingo,Thomsson,Weatherburn,10/14/2000,dweatherburnhw@dell.com,900913361
646,mI63)..3OP,Ruthi,Bertie,Starsmore,Kiehne,10/22/2000,bkiehnehx@cbc.ca,908267528
647,"iB35+wtu,8/n`",Haley,Cecilla,Capaldi,Bilbee,08/28/2001,cbilbeehy@eepurl.com,901057279
648,"rJ03+""+3w""",Cory,Claretta,Gilffilland,Klosges,09/27/2002,cklosgeshz@dagondesign.com,980219967
649,aP06'&/Et`l@,Fara,Lexy,Pashan,Meneur,08/25/2000,lmeneuri0@reverbnation.com,967651475
650,gU89+_uZ,Katuscha,Liza,Dielhenn,Ricciardiello,06/24/2003,lricciardielloi1@usgs.gov,917750010
651,sU58#O)T.n,Marna,Sigismond,Anning,Bulbeck,05/09/2001,sbulbecki2@1und1.de,904873257
652,gH08@~%g,Caesar,Terrance,Keattch,Flancinbaum,10/25/2001,tflancinbaumi3@irs.gov,982486616
653,yI59}q1{U,Arnie,Lucius,Tapper,Baldock,03/17/2002,lbaldocki4@cbc.ca,950062603
654,dC70)ZS*y,Minor,Gwynne,Dowderswell,Silcocks,12/20/2000,gsilcocksi5@webnode.com,933702780
655,iU71>nnWXe0nU2,Shina,Estrellita,Tidbold,Cufley,04/01/2003,ecufleyi6@prnewswire.com,971158548
656,yC97`Eq<,Ernest,Alyosha,Barukh,Laville,04/26/2002,alavillei7@google.fr,906437949
657,mI97{H19,Che,Delila,Febvre,Kermon,10/23/2001,dkermoni8@storify.com,986284577
658,"pC89~ajroDg,~",Roxine,Ingemar,Johnston,Lapenna,12/18/2002,ilapennai9@chron.com,900347687
659,tE73'|#5`,Stinky,Mace,Balcock,Drewes,08/31/2002,mdrewesia@disqus.com,954006658
660,lV58>XEeQL)O7,Danice,Goldi,Smeuin,Jerisch,08/07/2002,gjerischib@salon.com,927480822
661,kF42(un,Daphna,Jasmin,Dron,Cerman,08/08/2000,jcermanic@baidu.com,964399135
662,pC48\#<,Boniface,Else,Wallhead,McMurray,01/08/2001,emcmurrayid@ucla.edu,942875862
663,dH15`$+#i.wS,Flss,Lolly,Gatcliff,Ottewell,07/03/2000,lottewellie@shareasale.com,965203955
664,"kC25+J""9",Vi,Ashli,Pontain,Merchant,02/09/2002,amerchantif@netscape.com,918626073
665,"aF29,}ivANx2",Catarina,Nathanil,Westwater,Pawlick,06/04/2003,npawlickig@washington.edu,972339120
666,"sJ25*sag7H""",Stephan,Fidelia,Kyme,Eldrett,06/22/2001,feldrettih@nba.com,918688123
667,hF84<g&6n,Rosanna,Barrie,Ramm,Seifenmacher,05/29/2001,bseifenmacherii@cyberchimps.com,959953461
668,yQ51&iJ!,Zaria,Armstrong,Nornable,Sexon,04/06/2003,asexonij@dedecms.com,969272475
669,xJ85&wKQX,Jeannette,Blancha,Baribal,Cannicott,11/28/2001,bcannicottik@sohu.com,939325353
670,"aZ50""v*%>",Darcie,Aurlie,Zohrer,Brislan,02/04/2003,abrislanil@bloglovin.com,975435358
671,kH27'E81`&y7,Augustine,Keenan,Stancliffe,Boichat,07/15/2002,kboichatim@photobucket.com,905972191
672,bZ48*`IJx+,Fenelia,Eduino,Roxby,Coulsen,02/13/2001,ecoulsenin@networkadvertising.org,997939010
673,xD51{9'+1,Flo,Estelle,Peers,Mound,06/30/2001,emoundio@bandcamp.com,921220784
674,kZ81_EE,Gary,Linnell,Ramsby,Connochie,12/06/2000,lconnochieip@cloudflare.com,967545281
675,"oT57""aUc",Marve,Alene,Airey,Madgwick,12/15/2001,amadgwickiq@netvibes.com,980747632
676,fN51@&9e,Ashlan,Bartlet,Lardge,Deshorts,03/02/2003,bdeshortsir@bloglovin.com,917667594
677,"gE94,bW4pB",Henriette,Estella,Pourveer,Nisbet,04/27/2002,enisbetis@t-online.de,929220078
678,dU38{lkB=*f'S,Peria,Florri,Kneale,Brugden,12/17/2002,fbrugdenit@spotify.com,928787393
679,"xQ14,8U+}1'\L",Janot,Forrest,Gasparro,Huyghe,02/12/2001,fhuygheiu@washingtonpost.com,937992026
680,cW08~RJa,Gordan,Shoshana,Pedel,Burbridge,11/02/2001,sburbridgeiv@nyu.edu,975035503
681,"pK05""8x*)w",Meagan,Tiffani,Hamor,Lehemann,01/31/2002,tlehemanniw@scientificamerican.com,988831012
682,oT09}`9'D`OVj,Carrol,Tessy,Joselevitz,Liveing,12/15/2001,tliveingix@ycombinator.com,973926504
683,fJ95/jw,Klara,Beret,Grimbaldeston,Rarity,01/20/2002,brarityiy@wordpress.org,943247227
684,yN57/J.,Gipsy,Carolan,Elphick,Bavister,07/21/2001,cbavisteriz@vistaprint.com,922864521
685,yJ48\lQW,Novelia,Emilio,Claricoates,Delete,11/26/2002,edeletej0@ifeng.com,942787543
686,tG38*qBA`I,Mack,Loretta,Stert,Mattiussi,11/27/2002,lmattiussij1@youku.com,971308829
687,cS39)UvC,Annaliese,Sayers,Lutwidge,Florey,01/10/2002,sfloreyj2@hexun.com,932638593
688,kM53#Xs,Natalya,Hillyer,Sallinger,Hourihane,04/19/2001,hhourihanej3@ocn.ne.jp,900418885
689,"dG88""NZvLrwum)",Drucie,Ginni,Gallety,Lutsch,05/30/2003,glutschj4@meetup.com,988002642
690,"nT93}n+c""o",Thekla,Sapphire,Polini,Bhar,12/02/2000,sbharj5@mac.com,955704218
691,nH53$'AEL`,Ignacius,Corry,Culross,Turl,01/02/2003,cturlj6@huffingtonpost.com,957890656
692,nJ69@`*,Morganica,Gustaf,Frane,Godfery,01/26/2002,ggodferyj7@miitbeian.gov.cn,932444059
693,cK36\}*!E%92,Jocko,Mandi,Holbarrow,Eyckel,07/04/2002,meyckelj8@gov.uk,901579848
694,oD62`e`>,Theodore,Gearard,de'-Ancy Willis,Gorce,06/30/2003,ggorcej9@privacy.gov.au,965881554
695,"eX12,yh",Sophi,Wilt,McCracken,Howling,05/01/2002,whowlingja@ycombinator.com,917582186
696,sR49%nm&F|!,Josi,Carlina,Jeaycock,Sayton,09/25/2000,csaytonjb@etsy.com,904020753
697,"dN28"",(",Kesley,Richie,Menis,Doge,05/17/2003,rdogejc@studiopress.com,934278441
698,"rN84,}Quy{F<",Granger,Christi,Sill,Lines,11/30/2000,clinesjd@theatlantic.com,916248666
699,xJ80>@xIs,Gayle,Mari,O'Dyvoie,Lawther,09/17/2002,mlawtherje@accuweather.com,910788237
700,sN43(P#2T,Rand,Mannie,Nacey,Merwe,02/03/2001,mmerwejf@bbc.co.uk,976755696
