codUsuario,contrasena,primerNombre,segundoNombre,apellidoPaterno,apellidoMaterno,fechaNacimiento,correoUsuario,telefonoUsuario
1,bX94}1&Y!UHTywy,Paulita,Jeannette,Sandbrook,Molfino,02/07/2001,jmolfino0@wired.com,976900041
2,hO37{k9lY,Kinna,Clerc,Hows,Dobie,04/27/2002,cdobie1@flickr.com,981443939
3,nT24=L{agG,Michel,Mike,Sigg,Bilbrey,05/06/2002,mbilbrey2@weibo.com,965717791
4,"lI43*f3Obz!V""",Aube,Rolf,Schmuhl,Deverock,08/24/2000,rdeverock3@google.com.br,961822527
5,sI89#8voH,Jefferson,Adlai,Eccott,Tethacot,07/11/2001,atethacot4@ebay.com,985856037
6,dH78\Eq71Sw?fGx,Sherilyn,Chloe,Hentze,Winders,11/08/2002,cwinders5@go.com,998201953
7,hF84%S&l,Christian,Kippy,Fellon,Bendan,08/25/2001,kbendan6@bloglines.com,931093434
8,hK05{XK*7p,Candra,Patience,Boyack,Marchello,11/17/2000,pmarchello7@ucoz.com,961002119
9,"wC23""EZzVFN",Caritta,Cherie,Gurko,Pursehouse,08/01/2001,cpursehouse8@cargocollective.com,946834366
10,"bS78,|MG%D",Alexio,Barthel,Ivison,Paraman,09/14/2001,bparaman9@newyorker.com,990353744
11,"qB63,%eqny+RR1H",Aggi,Kerstin,Fere,Dobey,08/03/2000,kdobeya@typepad.com,977701000
12,yC32{8@*uyJ,Milo,Kennett,Celes,Duplain,03/19/2002,kduplainb@ask.com,916274958
13,"dG89/""DoK2",Gabriella,Anestassia,Jaan,Niccols,05/21/2002,aniccolsc@aol.com,956991030
14,eE42+77k{xI,Devan,Kayne,Stiger,Studholme,09/03/2000,kstudholmed@archive.org,928654298
15,yS78%vuz1g,Piotr,Glynis,Dicte,Stredwick,04/14/2001,gstredwicke@wordpress.com,929906161
16,zU05*xm`73{onlF,Mose,Renate,Hawtin,Dodshon,12/30/2002,rdodshonf@wikispaces.com,921689326
17,gM89'0mk,Stepha,Abagael,Hasel,Marvelley,02/15/2001,amarvelleyg@stanford.edu,985264863
18,"jV34,0+$CIAs",Chandal,Mona,Goodinge,Blackhurst,03/12/2003,mblackhursth@virginia.edu,915523318
19,xH63.(8V\}o+Cm,Lancelot,Darrell,Paoletti,Passby,03/04/2001,dpassbyi@cdc.gov,905275258
20,bL18{5A&2'S',Star,Cello,Ludovici,McGregor,09/16/2000,cmcgregorj@newsvine.com,916386327
21,qX74@.8@,Alvinia,Dimitri,Gierck,Bosche,05/21/2002,dboschek@istockphoto.com,938788531
22,uK31`EE',Saul,Kellen,Growden,Hungerford,03/12/2002,khungerfordl@tumblr.com,963140998
23,"kF33(Y,J~9zV1",Kelcey,Hetti,Wozencraft,Sheach,03/06/2002,hsheachm@php.net,991173079
24,"yK39<l?,3E_3guv",Adler,Cristian,Harsnep,Ansley,07/11/2002,cansleyn@disqus.com,940911822
25,mG03?+W~}*'mkX,Roger,Grantley,Mitchelson,Kaman,04/06/2001,gkamano@boston.com,952675868
26,jG47>/zDM3I,Clarey,Anni,Sacks,Bulford,11/26/2001,abulfordp@usgs.gov,941937328
27,uD81_e*>n'&Av,Kym,Erda,Pflieger,Vanichkin,07/16/2001,evanichkinq@theglobeandmail.com,964117982
28,"pR14_""Qe",Janet,Adore,Duckett,Thaller,08/12/2000,athallerr@sourceforge.net,988996448
29,"zI02@YIgmzU.Lq""",Jannel,Harwilll,Poser,Van't Hoff,04/10/2003,hvanthoffs@stanford.edu,912630159
30,"xH99~1.K>ZW|ikz,",Maryann,Frederic,Helin,Shevill,03/07/2001,fshevillt@hhs.gov,932804110
31,uC46\RAP,Tana,Constantina,Zuann,Vondra,11/05/2000,cvondrau@hostgator.com,908925250
32,pL77/?%W0*Pv?h%5,Gilburt,Steffie,Cartman,Mebes,08/27/2002,smebesv@yellowbook.com,944946363
33,oQ06)Jqo`r,Janelle,Meris,Lampard,Caddell,04/25/2003,mcaddellw@dot.gov,984138382
34,"tZ43,X<H",Ninetta,Harv,Epperson,Scrivner,06/02/2002,hscrivnerx@prnewswire.com,929069466
35,rU64!m<973DE(`%2,Adrienne,Artair,Cahillane,Von Brook,03/07/2002,avonbrooky@craigslist.org,983832154
36,lJ81.6FiH~p7,Graig,Rebecka,Hallawell,Vesty,02/07/2003,rvestyz@nytimes.com,930446928
37,nB49/AmC,Katherine,Erny,Ateridge,Keuneke,04/16/2003,ekeuneke10@pagesperso-orange.fr,927458956
38,jO46|14cChAw,Adan,Arnie,Boutcher,Maile,01/04/2003,amaile11@sciencedaily.com,930383366
39,sV81&#%8,Rickie,Chiquita,Lavell,Dodgson,02/07/2001,cdodgson12@php.net,961136591
40,"yD62{mvyY""BfO_N&",Conney,Lisbeth,Ghidoli,Briand,11/13/2002,lbriand13@who.int,955920988
41,wK07*teb,Korrie,Dacey,Hansen,Egalton,10/27/2001,degalton14@hugedomains.com,942183418
42,wG64&'YJ}M9J>,Eyde,Sondra,Falkingham,Karlmann,07/05/2000,skarlmann15@tamu.edu,928517067
43,"aB35'JGFvSIh9y0""",Lenci,Cicely,Domican,Alcide,02/11/2002,calcide16@aol.com,958415161
44,wO22+HEqPA<D,Eli,Lind,Brabbins,Scapelhorn,08/27/2000,lscapelhorn17@facebook.com,977935358
45,mE59'eck,Edan,Kim,Lippitt,Mulligan,11/07/2001,kmulligan18@biblegateway.com,974495636
46,qD29?GIuO_|K'|ag,Leone,Alfons,Pigdon,Kelinge,02/05/2002,akelinge19@dropbox.com,924899588
47,qG34'Q2`&B,Priscilla,Chalmers,Cruft,Haselgrove,02/08/2002,chaselgrove1a@networksolutions.com,901932570
48,"pV25)oXGh,2yvqcF",Durand,Annetta,Medhurst,Gosney,07/03/2002,agosney1b@google.de,992846942
49,nD68$+wLXS,Gussy,Zitella,Cortnay,Clifford,11/02/2000,zclifford1c@google.nl,905637183
50,tX64|11DkbA#,Chariot,Dasya,Puzey,Gormley,02/08/2003,dgormley1d@infoseek.co.jp,942317254
51,"pM18({*},Q)4'~XE",Hope,Lucila,Gheraldi,Edland,10/14/2001,ledland1e@wordpress.com,953363524
52,"zA60??EemIb,",Dagmar,Dodi,Heigold,Treasaden,10/12/2000,dtreasaden1f@intel.com,941458285
53,iD60)``t0a3,Odele,Devina,Duckering,Gonoude,11/19/2002,dgonoude1g@senate.gov,999408004
54,yD01_SF6j,Holly,Shanna,Hritzko,Marston,03/26/2001,smarston1h@ebay.com,997056615
55,"eN25%""c|Y",Sonny,Armstrong,Doghartie,Worham,03/06/2002,aworham1i@mac.com,948127948
56,"rU08,ZZ$*_j",Gracie,Ashlen,Maylam,Nowell,02/28/2003,anowell1j@ucoz.ru,906741415
57,mQ89@9u`sx,Sancho,Odey,Charteris,Uglow,01/16/2003,ouglow1k@wired.com,916524573
58,kW65!xVmTqz,Jazmin,Ermentrude,Andrzejczak,Perrycost,06/14/2003,eperrycost1l@about.me,987574500
59,nG17\PXp#X,Melita,Minta,Blacklidge,Aspinall,11/11/2002,maspinall1m@netlog.com,991050637
60,aK71)UL=P9,Pasquale,Shaine,Philipson,Gunson,04/13/2001,sgunson1n@wikimedia.org,980251835
61,eN76$?M@yLC(?mM,Sal,Ailey,Longworth,McLaverty,08/25/2000,amclaverty1o@dion.ne.jp,976910812
62,qR68!b%bKa5x9M,Blondelle,Lonni,Hedditch,Searson,03/29/2003,lsearson1p@artisteer.com,969112451
63,qV18`A%{+,Mellicent,Silvio,De Dantesie,Bresson,03/31/2003,sbresson1q@cmu.edu,911492351
64,qZ10(|hz`=xpw,Ivan,Arabela,Abelov,Taylorson,06/28/2003,ataylorson1r@princeton.edu,997187949
65,pC12{`a+@k%_}mg/,Dun,Quillan,Berzon,Allward,03/07/2001,qallward1s@sun.com,918344485
66,"tA01,7wn",Chelsie,Annadiana,Folkerd,Rockell,02/05/2003,arockell1t@nyu.edu,993034136
67,zV24'd/dx,Helga,Didi,Zylbermann,Pawelski,10/17/2002,dpawelski1u@umn.edu,903817778
68,"fP37_#`pOfD,J",Merle,Othilia,Bonallick,Le Borgne,11/05/2000,oleborgne1v@columbia.edu,975422422
69,tK65#|v#m.,Walther,Sergio,Das,Weben,03/11/2002,sweben1w@illinois.edu,902364107
70,bE28?BsUoFNajO,Shaine,Cami,Coppenhall,O'Shesnan,09/09/2000,coshesnan1x@squarespace.com,906926834
71,yM75|g@qg68,Andreas,Alia,Trank,Snooks,08/23/2002,asnooks1y@techcrunch.com,962556259
72,cN37&9(i4#{,Olivie,Hedda,Spensley,Watmore,02/14/2002,hwatmore1z@time.com,986182222
73,pV86{2lac,Tierney,Burnard,Daines,Arnoult,03/10/2002,barnoult20@europa.eu,902608094
74,zG28<|siB<N,Rock,Bartram,Birth,Herreros,02/17/2002,bherreros21@hatena.ne.jp,983784436
75,oG32~zrVED,Tanney,Culley,Passler,Gimber,08/10/2001,cgimber22@cargocollective.com,921072708
76,oB76.I3u84N,Ruthanne,Bond,McQuode,Makinson,03/22/2003,bmakinson23@foxnews.com,941045708
77,kR50%b3HpJjEE,Ynes,Bondy,Gowthorpe,Reide,04/30/2003,breide24@newsvine.com,903539002
78,xL21{i>4,Ariella,Clay,Bissett,Ferrey,11/25/2002,cferrey25@cbc.ca,975628824
79,nF62's./qeT{,Thornie,Rich,Deverale,Seabrooke,05/04/2002,rseabrooke26@blinklist.com,925247639
80,"gX74,&5LQhfZRYPL",Remus,Jolie,Bancroft,Slemmonds,09/11/2001,jslemmonds27@nba.com,997433536
81,zR45.moDvyw.2rt,Timmie,Lanie,Iacovozzo,List,12/12/2001,llist28@xing.com,952718888
82,gL72_I5VXn*)raJ8,Mikkel,Farrell,Orae,Harrold,12/20/2002,fharrold29@wordpress.com,923142842
83,bJ22%nJzBpQ5Pg,Raff,Farrand,Kagan,Radbond,04/18/2001,fradbond2a@cnet.com,929273102
84,yV55#B@ZzGT\,Andriana,Dot,Bardell,Clemmens,08/21/2001,dclemmens2b@archive.org,953429935
85,"nD60*""1<?#8",Annmarie,Kelley,Kingdom,Fratson,03/23/2002,kfratson2c@goo.gl,937055852
86,sE41~DFGVMu/qR76,Brennan,Eziechiele,Aubri,Hache,11/02/2002,ehache2d@cnet.com,991753682
87,bZ20{{i*<pb3R,Yetty,Mortimer,Collishaw,Chettle,12/17/2000,mchettle2e@hexun.com,999331725
88,"nH65,GLD!)",Aldridge,Christabel,Biskupski,Stellin,10/14/2001,cstellin2f@quantcast.com,999281021
89,hR37(wqScD{,Benjamen,Magdaia,McQuode,Siddle,06/30/2002,msiddle2g@examiner.com,955630090
90,iP96+bMb>,Sherm,Millard,Eckford,Amerighi,08/04/2001,mamerighi2h@vinaora.com,988229054
91,hJ20@D)$+rA7P,Evania,Boot,Ropp,Nation,07/01/2002,bnation2i@ebay.co.uk,991766704
92,pQ71`yMLrVL5sT,Arlyn,Carlin,Eastgate,Wickie,12/15/2001,cwickie2j@blogspot.com,992613878
93,aE90@OE019v`!,Sasha,Clerissa,Keyte,Dudding,03/30/2002,cdudding2k@tuttocitta.it,920038677
94,gE87{xLf#X9@E,Kurt,Dania,Bleasdale,Took,04/30/2001,dtook2l@pen.io,921957103
95,aO26!~cJQ$5,Ramona,Tanhya,Muckloe,Shildrake,03/25/2001,tshildrake2m@weebly.com,972721510
96,"nJ20+EeD'jva,l",Eugene,Lorinda,Clouston,Claringbold,10/30/2000,lclaringbold2n@loc.gov,956230272
97,rH10|'!DJ*,Roxy,Patsy,Clewett,O'Mannion,02/04/2003,pomannion2o@cbsnews.com,914605160
98,qF57{VqzO3t,Sergio,Morie,Ilchuk,Kingswood,12/19/2002,mkingswood2p@washingtonpost.com,967956881
99,eO06*v/b)B,Sterling,Charlotta,Sacase,Camamile,04/08/2002,ccamamile2q@usnews.com,981774613
100,pL45%mf=\PDxq,Ashly,Domingo,Exeter,Dyett,11/04/2002,ddyett2r@skype.com,949383983
101,rX51}deUJ%Pln,Nessie,Larisa,Cole,Pym,01/14/2001,lpym2s@netvibes.com,931438514
102,lJ57.O6LWG}9R!G,Moreen,Charley,Vossing,Osanne,06/19/2001,cosanne2t@princeton.edu,906918406
103,oE40>VY*y%%loR=,Jaquelyn,Cull,Dutnell,Percifull,09/08/2000,cpercifull2u@ucsd.edu,934856452
104,dU72!9>yFD,Modestia,Alexis,Leon,Fonso,12/24/2000,afonso2v@webs.com,970941307
105,"kK80(@""Hp",Arabelle,Sabine,Swyne,Deeming,11/10/2002,sdeeming2w@linkedin.com,988119912
106,gD27\sljg/(?&h<,Ronald,Correy,Ciric,Trenam,09/16/2001,ctrenam2x@pcworld.com,937751271
107,fT12_RVO0i#&,Henriette,Jeannine,Allmond,de Grey,05/28/2001,jdegrey2y@bandcamp.com,919035107
108,"zH19_HKi5x,hWGWt",Merwin,Win,Dahler,Swanborrow,02/02/2003,wswanborrow2z@apple.com,983947019
109,yF04|nYgT.,Twila,Dur,Anthonies,Ludgrove,09/08/2000,dludgrove30@umn.edu,997011551
110,qG81/|wliqh/pF,Modesty,Stan,Piddlehinton,Newnham,11/18/2002,snewnham31@blogs.com,951217120
111,"gU42!~dY,X5=RHuJ",Bekki,Camel,Petracco,Fautley,07/22/2000,cfautley32@blogger.com,909446023
112,"cX08""5(t{CrcA",Asher,Colver,Chaters,Bairstow,01/08/2001,cbairstow33@surveymonkey.com,969992958
113,tL53~#XU5KXz826,Dev,Hank,Rookwell,Nast,07/19/2002,hnast34@ehow.com,929732133
114,iY23%<GdMK`0S)),Papagena,Janifer,Weatherill,Severwright,06/26/2001,jseverwright35@woothemes.com,928558568
115,rX21`dS_ihdfh,Hammad,Sharity,Laba,Huffey,10/31/2001,shuffey36@blogs.com,927710589
116,bJ94|CmtrOu,Bentlee,Cassaundra,Thorwarth,Payle,04/20/2002,cpayle37@europa.eu,953006560
117,xS32(wPNl/eYJy,Nahum,Giffard,Ferschke,Book,04/08/2002,gbook38@patch.com,940420638
118,vY93!`NfS`,Rikki,Trueman,Duke,Fife,09/01/2001,tfife39@deviantart.com,957067213
119,hG94\(4|,Edwin,Riannon,Gaskill,Zammitt,06/22/2003,rzammitt3a@berkeley.edu,945830891
120,rP68!a56J0,Shaughn,Rosella,Czajka,Rodrigues,02/07/2003,rrodrigues3b@ifeng.com,941223347
121,vX99#/$$}G,Bordie,Jemmy,Moorcroft,Billo,02/22/2003,jbillo3c@wordpress.org,995635888
122,"nZ33""/KRDwg$",Tudor,Corri,Oury,Bordessa,09/24/2002,cbordessa3d@dell.com,901799026
123,hS03$uVZ.Ih\7.Wt,Ardelle,Emmalynn,Tacon,Garwill,07/24/2001,egarwill3e@psu.edu,951976245
124,nW10.QEh,Elmira,Jonell,Pleasants,Dengate,03/18/2001,jdengate3f@cnn.com,995957024
125,uY26?q`w59H,Benjamin,Sergio,Massei,Barstock,06/04/2002,sbarstock3g@rambler.ru,979967686
126,mU58%4\QUDt,Corrianne,Laverne,Downgate,Luckin,05/02/2002,lluckin3h@gravatar.com,968997821
127,xS37>S75N|@0,Marianne,Christoffer,Aveling,Giannini,10/15/2002,cgiannini3i@elegantthemes.com,943456522
128,oB81'\+},Raphael,Devan,Schofield,Gleaves,08/10/2002,dgleaves3j@ucoz.ru,929925308
129,mP96<bINO,Florence,Jephthah,Dencs,Sannes,11/23/2000,jsannes3k@geocities.com,973169284
130,sD26*m/7Q!&7uk),Rollins,Gisella,Iglesia,Gowing,02/12/2001,ggowing3l@usatoday.com,997188282
131,xN31#`6D+EnB,Lizzie,Sosanna,Westnage,McGraw,05/22/2002,smcgraw3m@businessweek.com,903165327
132,wR09&NFF+dFuN9Y3,Irv,Orion,Poynter,Birds,08/25/2001,obirds3n@rambler.ru,988815358
133,zC65|4aP!Dl'*7,Eleanore,Wendye,Barhams,Peploe,09/11/2001,wpeploe3o@canalblog.com,937776614
134,"rY39%`e/>Y,/0",Elysee,Edita,Itscovitz,Beedell,05/30/2001,ebeedell3p@xinhuanet.com,905644189
135,cM44?YYZD,Vladimir,Bette,Hanburry,August,12/20/2000,baugust3q@kickstarter.com,968512325
136,"hF72}5E""pHg2fl~7",Keeley,Carry,Dennison,Flacke,02/26/2002,cflacke3r@smugmug.com,985141023
137,"gI68@5x8AHf$""",Emlynne,Cathee,Mableson,Pinnere,08/23/2001,cpinnere3s@techcrunch.com,965023440
138,wW16`U!&{_,Ally,Alfonse,Cholton,Ivashnyov,10/17/2001,aivashnyov3t@addthis.com,971488496
139,rU44$eoYf`58&,Annnora,West,Scholcroft,Noirel,09/18/2002,wnoirel3u@gnu.org,987935701
140,"yO46""=l}5&*s*Z5q",Brooke,Jessie,Gauntley,Banyard,08/03/2002,jbanyard3v@wix.com,978534932
141,"sK87!vD7R#MpeR,",Theodor,Roseann,Hazlewood,Girodias,02/15/2003,rgirodias3w@t-online.de,978164583
142,"lW03%8D&a5){4%,G",Marilee,Alix,Kave,Jeanon,12/14/2001,ajeanon3x@nationalgeographic.com,982296979
143,iO95*>bHuJV%#t,Elaine,Latrena,Lilian,Cuerdale,05/03/2001,lcuerdale3y@ustream.tv,963207361
144,mH18(0uMU(3}\,Wilmette,Adelaida,Bramich,Clymo,01/04/2003,aclymo3z@1688.com,974281883
145,rS69=\u%RA}h@mPi,Sherwood,Debbi,Simoneschi,Dearn,09/11/2001,ddearn40@blinklist.com,904714018
146,gU90}SoZ,Candie,Amby,Starmer,Pinner,02/06/2002,apinner41@columbia.edu,952498694
147,dZ49#A$@7fa|A`,Alfy,Julian,Fleckney,McRamsey,03/21/2003,jmcramsey42@ezinearticles.com,950390714
148,aS83@/ak'v3G8|T,Debor,Reg,Opdenort,Brewer,08/01/2001,rbrewer43@bigcartel.com,905235038
149,hD64@>f'A%qQk\l,Delinda,Cordie,Borrett,Westphal,09/06/2000,cwestphal44@newyorker.com,935837943
150,"rR34,HRk~e8E.",Birgit,Tedman,De'Ath,Wilde,12/27/2002,twilde45@illinois.edu,916317932
151,kX21_8{Ke)n,Justinn,Munroe,Fluit,Dellenbrok,10/26/2000,mdellenbrok46@pinterest.com,902145780
152,pH38>n2a,Ileane,Grady,Kirton,Omrod,12/25/2000,gomrod47@un.org,931303506
153,eZ22`MXCy,Carmine,Marco,Showalter,Vertigan,10/14/2002,mvertigan48@google.ru,943325221
154,xL16~71_!QHy,Ricca,Marcus,Gloucester,Klimowski,07/01/2001,mklimowski49@nasa.gov,972410659
155,qN09$G.FC`!I5.f,Harmony,Addi,Lonsdale,Harkins,02/25/2003,aharkins4a@bbc.co.uk,930816101
156,eS22&T6Ta)+hUP{!,Levy,Wally,Seyler,Whorf,04/02/2001,wwhorf4b@shareasale.com,998788554
157,cN02{Hfw7,Viva,Rheta,Radbourne,Quare,10/15/2000,rquare4c@washington.edu,918651966
158,uJ39<e`C,Washington,Casper,Blackaller,Flanner,09/24/2000,cflanner4d@dion.ne.jp,940156436
159,uL70/HPzT,Ramona,Regan,Redbourn,Hunnisett,12/25/2000,rhunnisett4e@moonfruit.com,987766096
160,tN81?uv#,Genna,Clem,Putson,Treece,03/07/2003,ctreece4f@un.org,977561491
161,dG33~IVSY`D+G't,Murdock,Bartram,Aurelius,Kleint,02/20/2001,bkleint4g@squarespace.com,915420416
162,qV72}o7>.I,Myer,Marcello,Thake,Dmitr,10/01/2000,mdmitr4h@tinypic.com,914641139
163,"zO70}W,JU7O+RN",Georgianna,Victoria,Spileman,Hiddy,07/13/2002,vhiddy4i@barnesandnoble.com,955377501
164,iW32}LQld7$Ree1x,Alard,Elysha,Darwood,Gensavage,06/12/2003,egensavage4j@nationalgeographic.com,976520586
165,kK22>%Z!,Alvinia,Erick,Cowhig,Goldstein,08/04/2001,egoldstein4k@craigslist.org,986731252
166,vW26_8n>>EO,Carrissa,Chauncey,Wensley,Kitteringham,12/25/2002,ckitteringham4l@ifeng.com,900688922
167,"wM67\~QENcgTIXn""",Samuele,Rhianna,Littleproud,Paur,03/14/2003,rpaur4m@tmall.com,984584654
168,vM81$fbl}DN6,Bernie,Kerwin,Keddy,Jeffcoat,03/07/2003,kjeffcoat4n@weebly.com,935306269
169,iW39?Nl97C.CB,Putnem,Dallis,Bruckstein,Collomosse,09/25/2000,dcollomosse4o@phpbb.com,948168304
170,tZ20`$1624!bY}Bf,Gizela,Jobi,Gainsboro,July,01/01/2003,jjuly4p@infoseek.co.jp,946062355
171,sK32(/yLjsq8&,Teodora,Hayward,Reyes,Saxby,06/05/2003,hsaxby4q@smugmug.com,970554719
172,vL14=yv?{E<,Simon,Horton,Guidelli,Monteath,10/22/2002,hmonteath4r@storify.com,952059541
173,oB29_It&`C{Tz,Alanna,Kermie,Goody,MacGarvey,10/19/2002,kmacgarvey4s@altervista.org,905717869
174,uV16*y40eN,Charity,Elise,Trighton,Klossmann,01/21/2002,eklossmann4t@squidoo.com,969921334
175,bG18$|\J6h3+1|,Lenee,Dayle,Shotter,Cheston,05/25/2002,dcheston4u@wikimedia.org,910444192
176,"tY30,MNCsOp",Marissa,Elsy,Penburton,Castelyn,05/15/2003,ecastelyn4v@hostgator.com,978382995
177,eS74<=pf,Dede,Annecorinne,Meachem,Alsina,01/31/2002,aalsina4w@sphinn.com,958434220
178,zJ40(nUhaS(,Sigvard,Vernen,Stapforth,Forsdicke,11/09/2001,vforsdicke4x@tripadvisor.com,990112271
179,"kZ14>%U%9""g",Sibelle,Kellia,De'Vere - Hunt,Crisell,01/04/2001,kcrisell4y@zdnet.com,946052652
180,jY67.xHa0XM,Ingrim,Katharyn,Stegell,Ochterlonie,01/14/2003,kochterlonie4z@sfgate.com,911176444
181,uT43_8ST$?{b5c,Chickie,Twila,De-Ville,Hewell,11/30/2001,thewell50@icio.us,966964935
182,zJ31)I/pBU}U_8U,Orazio,Penn,Millar,Ravenhills,01/30/2002,pravenhills51@slashdot.org,987561711
183,cK36|7(r|,Zacharia,Laetitia,Biddleston,Hefforde,10/24/2000,lhefforde52@desdev.cn,954994444
184,lJ03*)f8,Gerald,Meryl,Wanell,Gorner,02/15/2001,mgorner53@blogger.com,995951822
185,bJ86@Mc%K(H2H,Gerta,Nata,Fann,Rozet,09/27/2002,nrozet54@purevolume.com,938557405
186,iP86|$!*|j,Wini,Aleece,Twidale,Eidelman,12/25/2000,aeidelman55@noaa.gov,958294730
187,zS26.MO63,Avram,Arlene,Baumaier,Woodwing,06/30/2002,awoodwing56@fotki.com,959702907
188,tW45)ln*>RjrGJ,Gustie,Alyson,Horney,Bedson,08/13/2002,abedson57@ed.gov,938450328
189,pJ16|xm}mK,Annamaria,Elisha,Mudle,Malia,10/09/2000,emalia58@twitter.com,938895232
190,gT50<d86Ea'E9,Gram,Rafaelia,Conkling,Soper,07/11/2001,rsoper59@twitpic.com,989377001
191,eW07%}.OLtD,Martin,Noll,Wallach,Phillpot,12/11/2001,nphillpot5a@deviantart.com,996260168
192,aF00%+!\`f{|*lkX,Jocelyn,Eugen,Sporgeon,MacNeish,03/24/2003,emacneish5b@purevolume.com,900133002
193,"gB32%9?oax+v""/A{",Paulita,Kiley,Braddock,Coats,06/26/2003,kcoats5c@hatena.ne.jp,916108165
194,jM96@Nlkb2)M$M!,Dorine,Clarabelle,Haydock,Levi,07/25/2002,clevi5d@omniture.com,952459814
195,uR07)LkeuB,Rafaello,Janice,Spurritt,Van T'Hoog,09/07/2001,jvanthoog5e@angelfire.com,917425571
196,"nD86""=}Bs?dc2x%",Lucille,Rem,Spering,Jickles,01/23/2002,rjickles5f@vkontakte.ru,998025364
197,"rO42)ll""6Ogp",Everard,Scotti,Gimlet,Huortic,12/25/2000,shuortic5g@pinterest.com,982588933
198,hE90=8.$|Z,Lucho,Danila,Dury,Paris,12/02/2001,dparis5h@wired.com,912817278
199,pF04(j&~0rQ/rrV$,Amber,Kissee,Betteriss,Samples,02/21/2003,ksamples5i@topsy.com,991338955
200,yL47`EXrK,Beverly,Darya,Parzis,Akett,09/04/2001,dakett5j@si.edu,924199039
201,"iO48""_XnmC",Vida,Ariella,Lelliott,Phebee,07/03/2000,aphebee5k@buzzfeed.com,912185083
202,kF93!1!c,Elset,Pablo,Sandwich,Burgwin,02/13/2003,pburgwin5l@ft.com,937588200
203,"aM06,P5j",Latrina,Thibaut,Bengefield,Oxnam,03/23/2001,toxnam5m@geocities.com,971377537
204,"rK70+#$0""0'g",Elna,Malanie,Coppard,Giral,04/27/2001,mgiral5n@hp.com,986120643
205,yC43<Ri'3TU,Marlon,Raine,Sherar,Janota,08/01/2000,rjanota5o@mediafire.com,903688111
206,uW97(`\}q54.p{3,Lisbeth,Ken,Buller,Lainton,10/28/2001,klainton5p@mozilla.org,946608618
207,yK42*qhNGyC,Eleen,Roze,Dunstan,Pimmocke,10/12/2000,rpimmocke5q@fotki.com,941222275
208,tB29#bM$@,Angelita,Eric,Penritt,Gruczka,02/20/2002,egruczka5r@google.it,915098116
209,cB31&U!%bp9ON3c_,Mose,Gwendolin,Hulland,Lapsley,08/07/2002,glapsley5s@ibm.com,913682765
210,nE80}XMn8SSebR,Ebeneser,Gilligan,Bryde,Jillard,01/21/2003,gjillard5t@buzzfeed.com,985776414
211,nD17_Y5YI)BK?,Cristi,Earvin,Huerta,Dmitr,05/03/2001,edmitr5u@sohu.com,939612557
212,fJ62.O~z>tGB,Benton,Zackariah,Gockelen,Pavlik,03/18/2002,zpavlik5v@slate.com,904218395
213,yW26#k}Jd||L2,Orly,Randie,Feaveer,Gobel,10/09/2000,rgobel5w@merriam-webster.com,961351676
214,cS41%MytDk,Ardella,Thomasina,Underwood,Lightoller,03/05/2003,tlightoller5x@dailymotion.com,912580605
215,rJ43}PUfHrFZ,Freida,Guglielmo,Rossant,Grint,11/13/2001,ggrint5y@columbia.edu,941402964
216,zK22=Gd2tr,Corinna,Rowland,Regardsoe,Swinnerton,05/27/2002,rswinnerton5z@illinois.edu,926759627
217,zG65=M\vKcBy,Sullivan,Sharai,Dominguez,Broun,02/18/2003,sbroun60@tumblr.com,975798666
218,zF16$!uk9CZw`,Stephi,Mariann,Credland,Turfus,04/28/2003,mturfus61@networkadvertising.org,962879267
219,xZ81*PyJzi9Q,Jorgan,Solly,Gristhwaite,Perch,03/18/2001,sperch62@epa.gov,941438694
220,"zZ20""+=~EX.\4c{",Ian,Leora,Sawford,Hilliam,11/23/2001,lhilliam63@51.la,954920094
221,sH71\L58aM$=Ndn,Brock,Jone,Writer,McNicol,07/10/2001,jmcnicol64@google.ru,973828884
222,sY97{2\>KS,Bram,Klarika,Shutler,Guillot,12/09/2000,kguillot65@hibu.com,975078579
223,hB56>Mx#8GA/A5,Lina,Babb,Lloyds,Knill,11/09/2002,bknill66@scribd.com,929424260
224,bJ06(75fhB,Minnnie,Cristabel,Ettels,Scurrey,05/07/2003,cscurrey67@webnode.com,937662140
225,rO68~R`UW9y2>e@,Barrie,Ashley,Van der Hoeven,Jennick,01/17/2002,ajennick68@diigo.com,931673150
226,"hF94{lv4%""$),bt",Tatum,Berti,McLeod,Lefeaver,07/02/2003,blefeaver69@meetup.com,921342253
227,rU91?8%oA,Sibylle,Kennith,Kimbrey,Blacktin,12/25/2000,kblacktin6a@youku.com,940818621
228,yN52(3ZpbOEh|')I,Terrance,Meir,Banstead,Demougeot,03/29/2003,mdemougeot6b@sohu.com,980409284
229,cX22`2@YI,Vladimir,Gerta,Tyrwhitt,Gravie,12/10/2002,ggravie6c@sakura.ne.jp,936226820
230,"nH78'VpB,=8C",Arabella,Hadrian,Bolsover,Duddell,08/11/2002,hduddell6d@yahoo.co.jp,920817969
231,"cH64`v,SSt02$",Darrelle,Phip,Dowty,Pyffe,11/30/2001,ppyffe6e@tripadvisor.com,978984081
232,lO38.~gVSE,Darius,Rossy,Josowitz,Havercroft,02/28/2002,rhavercroft6f@sakura.ne.jp,978496842
233,mZ83)u$b1t,Darrell,Demetrius,Keher,Dunseath,01/23/2003,ddunseath6g@joomla.org,964581728
234,yU79*58Hy/J,Cooper,Avram,Rawsthorne,Swaby,04/06/2003,aswaby6h@reverbnation.com,981841202
235,tA39%J}*!>1bx#,Blakeley,Julio,Prandin,Gresham,07/14/2002,jgresham6i@hc360.com,942005213
236,iO23{\=yqTEZ@,Louie,Othilia,Fardy,Crecy,06/18/2002,ocrecy6j@samsung.com,951077151
237,cG64=aeY_`2Y&bF,Georgeta,Eamon,Nodes,Ringrose,08/26/2000,eringrose6k@independent.co.uk,965258655
238,gK39\%P\_S0b!#,Teirtza,Michal,Luisetti,Grzesiak,01/14/2002,mgrzesiak6l@quantcast.com,925668459
239,"cC18,IH+GQ",Jared,Essa,Geale,St Clair,07/20/2000,estclair6m@wikispaces.com,947290713
240,"yU25>,2!uUjTv",Lexie,Tomkin,Pristnor,Handsheart,05/30/2001,thandsheart6n@google.it,967791121
241,fH29!&UCh,Dud,Vicky,Coppen,Capun,06/23/2001,vcapun6o@reference.com,946140179
242,sK02/8LoeCZA,Ferdie,Kris,Blaes,Scanlon,07/04/2000,kscanlon6p@networksolutions.com,969485372
243,zR92@9y<D32(`Z(E,Antonella,Deeann,Westbrook,Salla,08/07/2002,dsalla6q@auda.org.au,983753512
244,lU31{FUtI{gY=,Angelina,Emma,Deakan,Jilkes,12/22/2001,ejilkes6r@examiner.com,938796461
245,qP34.(u<apwGIEih,Ashly,Ianthe,Bundey,Anthoney,04/05/2001,ianthoney6s@blinklist.com,952389144
246,dS81/haILL,Morse,Kanya,Von Hindenburg,Ivanyukov,09/22/2001,kivanyukov6t@storify.com,998274807
247,kS13.(Pw<`|/5EWb,Gawain,Ardyth,Barnfield,Kinchin,08/04/2000,akinchin6u@blogtalkradio.com,915150743
248,gT66$Qw@YtnZZDV,Ximenes,Timoteo,Malpas,Strutley,07/22/2000,tstrutley6v@usnews.com,924047161
249,iY37$\%b1,Tierney,Meaghan,Brabham,Ashard,11/15/2000,mashard6w@list-manage.com,964567502
250,"aO60""3{J",Aundrea,Adolph,Blandford,Mucci,06/15/2001,amucci6x@wikispaces.com,956745967
251,lM19}mXI,Kurtis,Sibyl,Moorman,Sanson,08/11/2000,ssanson6y@desdev.cn,997496618
252,sE27{reG{hTR,Clerissa,Nanci,Tuftin,Echalie,02/25/2001,nechalie6z@indiatimes.com,944390195
253,nA75<YaeMJg,Francklyn,Dulci,Hapgood,Arundale,06/03/2003,darundale70@cornell.edu,941246126
254,oW15}GMy$P,Tabby,Bartolemo,Bartoszinski,Curling,06/12/2001,bcurling71@fda.gov,928652804
255,pT73`q8\,Brucie,Herold,Spadelli,Joliffe,08/14/2001,hjoliffe72@photobucket.com,989698062
256,nL02&R|zP4,Chrissy,Ransom,Service,Zanazzi,02/24/2003,rzanazzi73@thetimes.co.uk,916263618
257,oE42.}Y=z,Todd,Putnam,Roycraft,Righy,11/20/2001,prighy74@blogs.com,946201402
258,eA40`Y3SF9i&,Pincus,Lanny,Ondricek,Bracken,05/14/2003,lbracken75@disqus.com,945510070
259,"zE15\j@FK|>P,!",Fayth,Elliott,Errington,Rosenberg,05/21/2001,erosenberg76@php.net,935317586
260,yI67{!k*$Td,Leyla,Flem,Moulsdale,Parken,01/06/2002,fparken77@discuz.net,969214172
261,dN62{n&~J,Lexie,Zola,Flukes,Panyer,08/09/2000,zpanyer78@dagondesign.com,917606757
262,nJ32|Ce2R,Kanya,Ronni,Earry,O'Sullivan,04/28/2003,rosullivan79@hhs.gov,970305581
263,aS33%6(~,Doralynn,Helene,Schade,Buckenhill,02/12/2003,hbuckenhill7a@ifeng.com,929031674
264,mH63/qS@R@ynFk,Oneida,Gennifer,Mendus,Widd,07/17/2000,gwidd7b@elpais.com,958458534
265,kI01(?}d,Hildegaard,Jolynn,Riceards,Millberg,08/22/2002,jmillberg7c@privacy.gov.au,991386615
266,"oI69??$#5jmZ~,W",Goldie,Jessalyn,Orrick,Bogays,01/02/2001,jbogays7d@unicef.org,918906858
267,"lF26>.2iG""*m9",Janela,Henderson,Dishmon,Moryson,03/14/2003,hmoryson7e@nytimes.com,951458463
268,"oB01""(@Sb(4G""",Meriel,Griswold,Honniebal,Willacot,09/05/2001,gwillacot7f@nationalgeographic.com,915563680
269,qL88@_z+Rac@,Pasquale,Mickey,Amor,Simonelli,05/30/2001,msimonelli7g@creativecommons.org,916769737
270,wV13+OAFM,Kaylil,Joycelin,Prior,Grizard,08/18/2002,jgrizard7h@cocolog-nifty.com,923992480
271,"fG88\PZvIZ,FrYX",Mischa,Fanechka,Walstow,Beckensall,04/09/2003,fbeckensall7i@e-recht24.de,920325237
272,rA59%}A`cU&4='O,Othello,Michell,Sellors,Mitroshinov,08/26/2001,mmitroshinov7j@harvard.edu,941427502
273,mM72}.+<DG4Jf,Barbette,Frederich,Preston,Strike,01/26/2001,fstrike7k@lulu.com,959202190
274,uJ73'w}8/!C6LJf,Carroll,Deni,Marielle,Pilch,04/02/2001,dpilch7l@xinhuanet.com,943411119
275,vC41&D&U,Mireielle,Letisha,Willock,Curness,01/23/2003,lcurness7m@harvard.edu,973397553
276,gX56<GZUeWXnbIe,Dirk,Ximenes,Foyston,Janecek,09/02/2002,xjanecek7n@cdbaby.com,939516958
277,zC04>`i),Ulrika,Lyndell,Brinkler,Bernini,11/09/2001,lbernini7o@cocolog-nifty.com,922738563
278,yC46&qfp1>!o9Tp/,Marlyn,Timi,Louch,Way,10/22/2001,tway7p@barnesandnoble.com,936807897
279,aR87_qy!i7,Shana,Ewart,Milier,Orford,06/29/2001,eorford7q@cnet.com,908553106
280,fD18&)ioM1BV<?1,Rayshell,Kennie,McHan,Flahive,06/18/2001,kflahive7r@archive.org,937962010
281,dB18@alJ>u||tz8,Claudianus,Nanni,Maile,Martello,03/22/2003,nmartello7s@imdb.com,988183006
282,zR14>#~$,Sheppard,Naomi,Vertigan,Quittonden,09/12/2002,nquittonden7t@hp.com,996840095
283,iC17~>T>5k,Llywellyn,Florentia,Matyushkin,Picopp,04/29/2001,fpicopp7u@pinterest.com,978964944
284,"vB17""bx<K~Me4<",Nicolina,Curcio,Sivyer,Kelberman,03/05/2002,ckelberman7v@geocities.com,935090708
285,"cI76/""VB""",Kanya,Arni,Bertelmot,Lindberg,07/07/2000,alindberg7w@bandcamp.com,921692820
286,mV82_6oCj#tqC0,Kathleen,Luther,Toor,Arguile,05/01/2003,larguile7x@sun.com,913721067
287,sR12(9Lq.f%,Darya,Ulric,Petruszka,Tynan,11/06/2001,utynan7y@rambler.ru,917981302
288,"jP77,e&NU&7)JA",Bonnie,Ginger,MacGorrie,Dilloway,06/29/2002,gdilloway7z@multiply.com,977358715
289,wL31?\$7LU,Damita,Walden,Tarte,Celes,05/27/2003,wceles80@prlog.org,994434471
290,"aS28)WTC+""W`*k",Harrietta,Kori,Titmuss,Stote,12/09/2000,kstote81@forbes.com,905712798
291,aV42(eIvk!|IQzh<,Merna,Onida,Ketts,Flament,05/29/2001,oflament82@uol.com.br,951908550
292,vN39{Fg2D66Gs+H,Arnuad,Ash,Yushankin,Lenglet,03/27/2003,alenglet83@hud.gov,903508530
293,wD56@EIL5C,Ricoriki,Staford,Nutley,Olpin,08/18/2002,solpin84@boston.com,965586631
294,"iH20,eSs~Z%9",Cris,Carmelina,Ruppertz,Patchett,05/01/2002,cpatchett85@about.me,925428188
295,mG28?e1K,Ernesto,Berte,Massel,Grigoliis,11/19/2001,bgrigoliis86@g.co,990693043
296,"bR61""IIC~`fq|7",Arni,Imogene,Puller,Dutson,11/17/2001,idutson87@umn.edu,972731916
297,"iQ91'k5@&,A_v",Bessie,Tandie,Shirlaw,Brockbank,10/21/2000,tbrockbank88@a8.net,927826160
298,vE34$xmW{,Erl,Kristo,Stailey,Cornehl,03/11/2001,kcornehl89@nhs.uk,952534760
299,xR44~zWaVGSU>,Bartholomew,Wilmar,Tschierse,Narey,03/14/2001,wnarey8a@berkeley.edu,976789884
300,"bO62'Wi,FZ`",Eulalie,Florenza,Endrici,Dongall,06/08/2001,fdongall8b@icio.us,987624708
301,tD87*SM}b#,Renault,Silvia,Condliffe,Marczyk,03/12/2003,smarczyk8c@woothemes.com,922386639
302,eM86`IGrB{BT,Cori,Mercedes,Dovington,Farrington,02/20/2003,mfarrington8d@home.pl,951009762
303,sM61|n~<Et`3,Averell,Jorey,Swynfen,Frazier,06/18/2003,jfrazier8e@tamu.edu,945556874
304,wY73~_*>0?bK\Wg,Kippy,Wade,Nicely,Crosen,11/15/2002,wcrosen8f@jigsy.com,948029733
305,uE12}zz0~,Ron,Koren,O'Rourke,Confait,01/01/2001,kconfait8g@acquirethisname.com,952343191
306,gV85#UaTlE,Wiatt,Royal,Dhillon,Flaonier,12/08/2002,rflaonier8h@loc.gov,952469525
307,uR86=f|hHg&,Gertrude,Laurene,Darington,Peizer,10/30/2000,lpeizer8i@mashable.com,984638147
308,yQ45/eI@u&mee*,Chiquita,Byrann,Knatt,Shemilt,08/23/2000,bshemilt8j@deliciousdays.com,901884193
309,zR40_d*hL,Boniface,Brina,Siviter,McKechnie,07/09/2001,bmckechnie8k@flavors.me,914247110
310,lP34+m_*U,Norbert,Aleksandr,Sutherley,Normington,05/05/2001,anormington8l@state.tx.us,915081826
311,yK22)uMZQt06x,Xaviera,Rhodie,Morat,FitzGibbon,02/19/2002,rfitzgibbon8m@csmonitor.com,953310769
312,oH81+.BFvW68,Staffard,Jeannie,Bartholomew,Milham,09/15/2000,jmilham8n@photobucket.com,978029085
313,oC80{f~W,Aleta,Agace,Gaskin,Hanrahan,04/18/2002,ahanrahan8o@phpbb.com,997261336
314,iW95!p#Oz3EC,Giordano,Britt,Niemiec,MacVean,05/22/2001,bmacvean8p@elpais.com,905326763
315,iZ82./NncDm('y,Maximo,Farrell,Bramwich,Le Houx,02/12/2003,flehoux8q@adobe.com,966687516
316,uW06.#izKGxsddV,Emmaline,Nanete,McCarly,Giacubbo,12/02/2001,ngiacubbo8r@mapy.cz,961258746
317,iT04\+/',Colver,Robbie,Adamsson,Duffell,03/28/2003,rduffell8s@bigcartel.com,919231265
318,mH48=cx'z1,Darlleen,Orella,Sterrick,Forestel,12/31/2000,oforestel8t@google.pl,910057400
319,iA20)&QR=YV6cn},Stephie,Ofilia,Torregiani,Myles,11/24/2001,omyles8u@europa.eu,960784819
320,wK82$psgV4=,Tremayne,Vivienne,Woodcroft,Wasielewski,07/13/2002,vwasielewski8v@devhub.com,917985583
321,tO11%Sg5oz$wX3,Kiley,Curran,Crickmoor,Oseland,01/19/2003,coseland8w@bing.com,945389531
322,dV99{y4blxX2_zA,Dud,Rollin,Austing,Gubbins,04/16/2001,rgubbins8x@ocn.ne.jp,914093058
323,iL46*nmS,Nicoli,Dukie,Richings,Rispin,10/10/2000,drispin8y@deliciousdays.com,926700471
324,"qE32""wd'{7z",Mischa,Georgetta,Manger,Rimour,08/11/2002,grimour8z@homestead.com,979200884
325,wY59*RITc,Yoko,Karoly,Coad,Climson,07/14/2000,kclimson90@hao123.com,986312300
326,mV34.2!05OD>,Ignatius,Claretta,Aspell,Elvish,03/29/2002,celvish91@ifeng.com,983987145
327,"zC39{`**x=F80s,",Giacinta,Randolph,Bakhrushin,Colbourne,02/08/2001,rcolbourne92@yelp.com,904581584
328,"zL91`A2gs,cb2.&X",Tamqrah,Martie,Astlet,Rickards,10/09/2001,mrickards93@ed.gov,921123904
329,"cH07&{+46,r""Zn",Tabbitha,Marita,Redborn,Lindborg,04/26/2002,mlindborg94@parallels.com,910003404
330,cS50)S<'8,Britni,Wade,Beard,Pook,02/21/2002,wpook95@ebay.co.uk,941841660
331,zY21*cx(6M6nS?,Hugo,Rosalind,Goare,Starr,11/04/2000,rstarr96@cdbaby.com,983697097
332,uF31&8@H,Dominga,Clarence,Hurle,Sprigging,05/03/2002,csprigging97@1und1.de,933023054
333,"xB66""fTWC|N,K.ti",Omero,Jayme,Elvish,Wallbanks,04/23/2002,jwallbanks98@ask.com,970160616
334,"zF27(I09""*9",Thorvald,Gregg,Peealess,Harriday,06/08/2003,gharriday99@japanpost.jp,975800742
335,"cI99""""(Gu$Ogg@0l",Alanna,Shauna,Loynton,Zipsell,04/09/2003,szipsell9a@wufoo.com,974418106
336,oE02'#rBhk8,Freddi,Kurt,Tammadge,O'Kinneally,07/20/2001,kokinneally9b@vkontakte.ru,932014613
337,rZ45.0L|H=,Mureil,Theodor,Cork,Wilcinskis,05/15/2003,twilcinskis9c@examiner.com,944426875
338,cH40%IX)&9g',Barrie,Aguie,Gorler,Bullingham,04/12/2003,abullingham9d@shop-pro.jp,975351540
339,nE03@%X3v{`M,Esme,Jordanna,Kulver,Teers,07/26/2000,jteers9e@google.co.jp,929147670
340,yA37%(1d0?`o}8,Maxy,Janet,Varnam,Royds,07/27/2000,jroyds9f@google.nl,934069391
341,yY91+/t`vB,Amalia,Amberly,Dobbin,Spehr,08/22/2000,aspehr9g@ameblo.jp,924468502
342,jU47@GZx,Milton,Lilllie,Breckon,Beauman,05/11/2003,lbeauman9h@dell.com,933686086
343,qA42=q'H#FVN,Elora,Arnaldo,Featherstone,Angless,12/27/2001,aangless9i@bravesites.com,990425825
344,uK67~=qM3Rz~I70,Jo,Rufus,Dudderidge,Iamittii,12/23/2000,riamittii9j@java.com,969206073
345,nL50<k`sMq`,Renado,Eveline,Jonk,Wensley,08/21/2002,ewensley9k@discovery.com,964346727
346,zQ19/3yo|XBN{hXB,Olag,Chiquia,Lortzing,Auld,04/05/2003,cauld9l@tmall.com,930200409
347,"kA07,xa1,""B'j",Reid,Enoch,Cruddas,Kenington,03/11/2002,ekenington9m@theatlantic.com,982670708
348,"wW23.hdpYU|=,<$",Agnola,Angelita,Crab,Arsey,09/05/2001,aarsey9n@umn.edu,942858019
349,aR15{aMsV&T,Jeanine,Marco,Ruckert,Bowkett,08/04/2001,mbowkett9o@boston.com,982226258
350,dB96##!3,Ewan,Merrick,Culver,Grinyer,01/22/2001,mgrinyer9p@china.com.cn,951346231
351,bU87?OG',Lonnie,Anabella,Dumphries,Dimmock,10/02/2002,adimmock9q@blogtalkradio.com,965373776
352,"eV93%M.5,v|(xB2",Mohandas,Lynn,Spinelli,Duell,03/10/2001,lduell9r@shutterfly.com,902865243
353,wA91?0C<n,Bartel,Gillan,Scholard,Woffenden,11/12/2002,gwoffenden9s@plala.or.jp,973678503
354,"eP11`=cj""QwNA",Lynea,Cynthy,Bern,Goode,02/21/2002,cgoode9t@ed.gov,965306102
355,"vO62,g$giYmZl",Anet,Tucky,Keat,Whitter,07/26/2002,twhitter9u@blog.com,961431185
356,wM52%RZs&}O#\,Dolph,Aloysius,Twitchett,Dungay,12/11/2001,adungay9v@google.com,935185994
357,"gY44&/*W""9k""!Vf.",Wrennie,Emmalynn,Arnaudin,Goodnow,01/06/2003,egoodnow9w@pinterest.com,906925079
358,"gN79'Y),5iyZ~<",Em,Symon,Garrettson,Labbett,12/16/2001,slabbett9x@yale.edu,993718557
359,mG09_$e}TyqSzK,Felicdad,Rolando,Strasse,Seakin,12/27/2002,rseakin9y@msn.com,946234103
360,eL47/BDTHU15_N$,Deidre,Lavena,St Leger,Sayles,10/28/2001,lsayles9z@aol.com,920135585
361,mK01!UWN,Marta,Crystie,While,Ellerington,01/14/2001,celleringtona0@vk.com,996462318
362,"mR98`IBze"">",Marcille,Hamid,Haley,Dunnaway,06/15/2002,hdunnawaya1@blogspot.com,920920627
363,aX99$AI#Xit>gTr,Vidovic,Genovera,D'Alessandro,Speirs,03/30/2002,gspeirsa2@com.com,925052727
364,"cI37""D7zAWOpi5Q",Tobey,Georgy,Allabush,Vanichkov,10/11/2000,gvanichkova3@mysql.com,987743880
365,"iK28$F#Nm,er`=K",Roddie,Armstrong,Duchart,Frammingham,10/31/2002,aframminghama4@phoca.cz,935800890
366,jC60(I0vH_(X2t|,Mufinella,Astra,Hawkings,Crinidge,06/05/2003,acrinidgea5@jiathis.com,927386809
367,gB71$V+r@,Lilian,Alison,Paute,Britee,05/20/2001,abriteea6@hubpages.com,964479833
368,qG91>M}2UlI81j,Vick,Lazaro,Creek,Godlip,05/01/2001,lgodlipa7@youtu.be,929850250
369,"vV67!""vIs2F",Odille,Hashim,Towe,Timothy,10/23/2001,htimothya8@thetimes.co.uk,931832082
370,vL58/p}PhJd@N2,Port,Lanie,Anster,Manvelle,11/01/2001,lmanvellea9@latimes.com,923885956
371,"hJ13""ulH_2Mf7V",Domingo,Chris,Strawbridge,Hassey,09/29/2001,chasseyaa@baidu.com,970562315
372,mU13\<\E,Sergei,Cinnamon,Jakoub,Benitti,11/05/2000,cbenittiab@bluehost.com,912756368
373,hT49.OU<81w,Ingamar,Ximenes,Leverich,Ogley,07/30/2000,xogleyac@cnet.com,995497151
374,"nU64""?G$Ot",Cordie,Sadye,Geale,Imlock,05/04/2003,simlockad@drupal.org,942764758
375,"rU95""y4|+",Kevan,Prent,Roos,Crosi,04/07/2002,pcrosiae@tinyurl.com,966171216
376,"mO84.v""*jN~f}L",Christian,Michail,Greet,Twigge,11/16/2000,mtwiggeaf@domainmarket.com,921026036
377,jY94@*7|Ms.}|0,Kippie,Susannah,Swannick,Lamberton,10/10/2002,slambertonag@merriam-webster.com,993105965
378,tG96'o7'+,Muffin,Josee,Babbs,Oliphant,04/25/2002,joliphantah@blog.com,956793155
379,oD47<\yZV@}D1.5u,Renelle,Lorine,Klejna,Goodlife,06/23/2002,lgoodlifeai@amazonaws.com,964916782
380,"hE89.18{V""",Moore,Vern,Losebie,Dadds,08/16/2002,vdaddsaj@engadget.com,909829043
381,pX19'9BxK|LGu,Tiffani,Mylo,Secret,Musk,11/05/2001,mmuskak@java.com,904826270
382,kQ41}Wei7a)=),Inna,Leslie,Fetteplace,Rydings,07/24/2001,lrydingsal@amazonaws.com,922691605
383,dY60/7E%T,Martynne,Bee,Stickney,Turland,01/20/2001,bturlandam@godaddy.com,922646870
384,qD38+Cn=}H,Wilt,Marta,Schouthede,Livezey,07/22/2000,mlivezeyan@ocn.ne.jp,977221364
385,"mL68>jY?2j,$PF",Cahra,Joli,Siccombe,Lambersen,04/27/2001,jlambersenao@1688.com,998700654
386,hW77|RUZ/fU$P,Ulrikaumeko,Preston,Lombard,Preator,11/15/2001,ppreatorap@soundcloud.com,912178957
387,"eQ60""&I7_pdr",Cedric,Ileana,Forde,Slisby,03/27/2001,islisbyaq@cloudflare.com,918493727
388,nO37<.bFgSl,Trula,Aarika,Algeo,Wiffield,03/26/2003,awiffieldar@google.co.uk,930019057
389,wB97!?WLVA'E71W8,Elton,Janot,Slide,Kilminster,07/03/2000,jkilminsteras@digg.com,906666498
390,nT80/85lOdrr,Gustaf,Verla,Braiden,Bour,07/11/2000,vbourat@sbwire.com,944111108
391,tT26~~YEfY{eK,Ganny,Enoch,Jagiela,Bentame,04/11/2003,ebentameau@unblog.fr,950311068
392,kK67>!2AZ,Anabella,Camella,Dominetti,De Wolfe,08/05/2000,cdewolfeav@sitemeter.com,921713456
393,mO69(I0Q,Kaiser,Eda,Wey,Plaxton,02/13/2002,eplaxtonaw@msn.com,929396874
394,qZ72_p3nve_KH,Mareah,Becca,Asson,Coorington,01/09/2003,bcooringtonax@friendfeed.com,984365392
395,qJ32_>_6IhJA#a,Skell,Taddeusz,Lannin,Tuma,11/20/2002,ttumaay@java.com,913383768
396,qJ76>N_irY%H,Alden,Ekaterina,Jubert,Collings,12/01/2000,ecollingsaz@tinyurl.com,901979436
397,"qT08\QYnrT""D}",Rosabel,Ferne,Klais,Bonniface,09/10/2000,fbonnifaceb0@unesco.org,909309853
398,eI35&01oa)*k?1k,Sheilakathryn,Brett,Vossgen,Etter,05/21/2002,betterb1@army.mil,941090187
399,"bO95""9YJ!{Ql",Sharai,Brittne,Dunthorne,Rowat,01/14/2001,browatb2@gravatar.com,965138253
400,wL48!7*#0a,Ellis,Bennie,Roumier,Lowensohn,12/02/2002,blowensohnb3@elpais.com,929531986
401,fB64&<xktY&2j`,Dwayne,Harrietta,Sweynson,Critoph,12/04/2000,hcritophb4@about.me,971487003
402,rN07<CS=zS/j#+,Briana,Keane,Chritchlow,Jacobovitz,07/11/2001,kjacobovitzb5@hhs.gov,936210068
403,oF92~~2s,Tremain,Almeta,Vakhonin,Bolens,11/16/2002,abolensb6@list-manage.com,963172920
404,tG88<<L?t|%f8,Gonzalo,Gwendolin,Kinsell,Rummins,07/09/2000,grumminsb7@ihg.com,988979074
405,nB93`z2EJTYI,Mimi,Collen,Rodolfi,Tuny,11/09/2002,ctunyb8@moonfruit.com,967480799
406,rK15=`TSQ88ra',Jessie,Berty,Christoffersen,Ovitts,06/21/2002,bovittsb9@yellowpages.com,954508099
407,wK38%37RuC7!WA,Mervin,Rikki,Wyatt,Tidy,10/22/2000,rtidyba@sitemeter.com,946008656
408,aQ50_j1fQ,Mario,Yettie,Gaymar,Grennan,02/20/2002,ygrennanbb@gmpg.org,908020854
409,yP03+vL8@bXh,Burtie,Tynan,Beeston,Artis,08/24/2000,tartisbc@fda.gov,997878591
410,sS42&5|l6<gt,Freddi,Muriel,Ortler,Domonkos,07/16/2002,mdomonkosbd@state.gov,960073110
411,"qB51,,ivIkcF.O<F",Lesli,Roseann,Loughton,Silverthorne,05/06/2003,rsilverthornebe@mayoclinic.com,970093131
412,wE53&F}\j+IzL_,Kym,Corbett,Rosgen,Sugars,08/04/2001,csugarsbf@usatoday.com,956616014
413,yA35'9PYZoU?FN'C,Jedediah,Annabella,Durden,Haldenby,04/15/2002,ahaldenbybg@cnn.com,923550787
414,"oJ00#LFhW""",Roshelle,Idaline,Makepeace,Dows,08/29/2001,idowsbh@dropbox.com,993452770
415,dF76\QJhrLa,Yasmin,Natalya,Gillan,Petera,12/26/2001,npeterabi@jigsy.com,926200286
416,yW50(\0IhKsukcs,Anna-diane,Hewe,Kembry,Clawson,04/12/2003,hclawsonbj@wikipedia.org,919136699
417,cY32#3saU{.wa}$,Dall,Gerda,Calvey,Norquay,12/16/2002,gnorquaybk@ycombinator.com,917324372
418,hX84!qF`>,Max,Brooke,Postin,Streatfeild,02/17/2003,bstreatfeildbl@squidoo.com,996321347
419,"rX35*8xL7|A\a5""W",Jaquenetta,Markus,Kobke,Graybeal,01/24/2003,mgraybealbm@amazon.co.uk,994611987
420,tM87~98Dwx*f,Ruby,Alasdair,Ensley,Arrigo,09/08/2002,aarrigobn@jiathis.com,980624657
421,iH89)(|EHdbb2,Thacher,Babita,Hansman,Thynne,02/09/2001,bthynnebo@amazon.co.jp,970625427
422,vB56_ldPOqQFQK&B,Noami,Tod,Demanche,Issit,11/05/2000,tissitbp@foxnews.com,962983099
423,oG58!r%Q}2,Lexi,Boycie,Wrigley,Gauden,04/06/2001,bgaudenbq@google.com.au,995927027
424,mX30|m$2cno)vR,Dunstan,Sharity,Heinecke,Rubinovici,02/27/2003,srubinovicibr@cloudflare.com,987732468
425,lC58_s5e5RQ{Q\r,Marty,Clair,Instone,Wheelton,10/07/2000,cwheeltonbs@mail.ru,980957550
426,lW13)W5hTArZMF,Maris,Barron,Freckelton,Stogill,11/20/2000,bstogillbt@domainmarket.com,982746460
427,oI29_*4ac,Sephira,Jess,Allerton,Westby,01/03/2001,jwestbybu@cdc.gov,969795226
428,xO25~hR\2H`eUBJ,Darelle,Rachel,Sawtell,Lambdean,08/05/2002,rlambdeanbv@bbb.org,975601548
429,qI78#4dcBv,Vinnie,Nels,Sharpe,Besant,05/18/2001,nbesantbw@phoca.cz,961109883
430,bD79&NOnK<lCA%s,Jed,Millie,Biasini,Allaker,10/11/2000,mallakerbx@prlog.org,915526203
431,"eZ45,~i$Kk=S",Zandra,Kailey,Raimbauld,Letixier,10/01/2002,kletixierby@xinhuanet.com,974420721
432,tJ23)1j#<UeMZd,Adelaida,Deina,Hew,Skinley,12/09/2000,dskinleybz@ibm.com,901042596
433,bQ27?X|5,Sophi,Shawna,Bernardi,Edinburgh,12/16/2001,sedinburghc0@discovery.com,956299932
434,iO01%7G0,Nickolai,Madalena,Renhard,Brazil,04/30/2001,mbrazilc1@umich.edu,919573911
435,"fK44<*D,IRmA{98",Alexis,Hillery,Rime,Moneypenny,04/16/2002,hmoneypennyc2@scientificamerican.com,934890885
436,tL43|nZMA<,Cookie,Roosevelt,Scholtz,Lester,06/11/2003,rlesterc3@shop-pro.jp,902776824
437,jL29#=N#&NY/B#`,Kent,Jack,Heams,Cluatt,08/13/2000,jcluattc4@wikia.com,904924620
438,nV95%sN{I<T,Regan,Madelyn,Hargitt,Chittim,06/12/2003,mchittimc5@imdb.com,929843441
439,"hR64&6$b9R>p,",Zelma,Adaline,Ensten,Summerill,05/30/2002,asummerillc6@hao123.com,933529799
440,"cX45,wjA4m",Shea,Celestyn,Dugmore,Verma,01/21/2001,cvermac7@last.fm,916284936
441,fF97$*9ej3BT,Loreen,Tull,Izkovicz,Aymerich,08/25/2001,taymerichc8@admin.ch,918049849
442,dC90`QNR4,Nanine,Elsie,Pigot,Gyorgy,07/14/2000,egyorgyc9@elegantthemes.com,949923262
443,dG53{~aTQ$f,Cybil,Abelard,Betz,Ambresin,09/15/2002,aambresinca@chronoengine.com,972536354
444,hH33!SDzY!,Dorris,Milissent,Wicklin,Wilmott,04/17/2002,mwilmottcb@altervista.org,988720105
445,"fG69_WR""B+&Y#",Cedric,Sibelle,Petrolli,Brolly,02/24/2001,sbrollycc@t-online.de,920067037
446,mK53~yZfkz,Hedvig,Dora,Woodison,Denley,10/14/2001,ddenleycd@huffingtonpost.com,961052866
447,gT95~Ffjm3r'Gco,Gerrie,Butch,Yerill,Seifert,12/08/2002,bseifertce@list-manage.com,975791433
448,zK86#=y6X,Janean,Idette,Parmenter,Dunbobin,07/16/2002,idunbobincf@pbs.org,995390087
449,sD43{jqfBr,Mitch,Rowland,Haldon,Bernetti,06/07/2001,rbernetticg@livejournal.com,920627817
450,sG24#cj'ntlluzR,Maxi,Hew,Caw,Probey,05/02/2001,hprobeych@aol.com,996336388
451,"yK20))x5""aGle9",Benedikt,Hillie,Etienne,Brislan,12/10/2001,hbrislanci@umn.edu,911341289
452,eF66#rz&M,Melitta,Vaclav,Grevatt,Lamden,01/24/2002,vlamdencj@shareasale.com,997523872
453,eX65$SKfJ.K#BG,Hillery,Ber,Harsent,Rolse,03/30/2002,brolseck@netlog.com,996957833
454,hF61|im&IHb9}/,Laney,Rosy,McCart,Brum,03/10/2003,rbrumcl@unicef.org,987667522
455,mD02~}h>t,Fernandina,Alyssa,Dictus,Gutridge,12/25/2001,agutridgecm@jigsy.com,916579789
456,xF65$u})+h,Charles,Jacklin,Smithyman,Lindwasser,05/03/2003,jlindwassercn@sakura.ne.jp,977196517
457,gD95>QZ#m,Mair,Caty,O'Rafferty,Twitchett,01/23/2003,ctwitchettco@webs.com,969728604
458,"iJ68+wkl""jz",Arlina,Daveta,Pioch,Sigert,10/23/2000,dsigertcp@nytimes.com,971493707
459,"jK32{|guYkh%o""",Cindee,Damon,Jedrychowski,Fagg,05/01/2001,dfaggcq@patch.com,988558571
460,"tO09)>AlZ~O6t,P",Philipa,Tim,Muckloe,Arter,07/05/2002,tartercr@pen.io,913621493
461,rU15{>N(>'01BvD,Malachi,Clarisse,Baudet,Jukes,03/23/2001,cjukescs@google.de,909361659
462,qD64\$`$#g_/,Elga,Maritsa,Guirau,Hearle,02/05/2002,mhearlect@omniture.com,993269815
463,nR29{gXBL+xN2,Rivalee,Giffer,Everiss,Bletso,04/05/2002,gbletsocu@bluehost.com,968136949
464,nS15@PN`3N$4_>v,Mano,Gwenora,Pryn,Durdy,06/03/2002,gdurdycv@quantcast.com,955949608
465,hT53>=BD,Alexi,Frankie,Barnwill,Jaukovic,10/27/2000,fjaukoviccw@webs.com,987600104
466,tD27#z(x,Monti,Eartha,Wycherley,Swetmore,07/15/2002,eswetmorecx@sohu.com,938817608
467,lB75'W)}C,Oralee,Melamie,Drewery,Crocroft,02/28/2003,mcrocroftcy@webs.com,914236574
468,nK86#d<Xo)7'|,Chaim,Latrena,Matityahu,Golightly,11/06/2001,lgolightlycz@pbs.org,970337104
469,"qF55#\""Ci3w(({",Cissy,Berti,Cox,Powles,04/18/2002,bpowlesd0@meetup.com,958114035
470,oY23@MfJ,Dolf,Allayne,Abdie,Firks,04/28/2001,afirksd1@washingtonpost.com,989999932
471,bN27#sk1~PRRMUYB,Anne-corinne,Cob,Matchell,Leakner,05/25/2001,cleaknerd2@instagram.com,901633331
472,oA85>D2|,Melva,Dorolisa,Kienle,Gaiter,07/04/2002,dgaiterd3@noaa.gov,920638043
473,oC84<kDa#ZAXQ,Cristine,Perry,Sowman,Vankeev,06/03/2002,pvankeevd4@issuu.com,917096588
474,xL16.mtD9<=,Zilvia,Windy,Manjin,Younge,04/19/2001,wyounged5@indiegogo.com,963733598
475,"eO12,QfJm0",Corabella,Ellissa,Meech,Nattrass,08/13/2001,enattrassd6@redcross.org,992126794
476,jQ80+28%+,Les,Mitch,McRorie,St. Ledger,05/16/2001,mstledgerd7@discuz.net,957491302
477,tN35@sbM6L<~E,Demetra,Ed,Stolz,Holah,04/29/2003,eholahd8@redcross.org,958488979
478,uT21/PxfUcT&!,Danny,Brina,McNab,Geraldi,01/02/2003,bgeraldid9@thetimes.co.uk,995694168
479,yJ08(D*oflH~2x,Loree,Georgie,Yurshev,Gannicleff,09/16/2001,ggannicleffda@mediafire.com,925039747
480,vY95&=D(>*LUcHf&,Bambi,Traci,O'Dee,Cobbled,11/02/2001,tcobbleddb@purevolume.com,982427348
481,wP45`wLO{4#,Bernadine,Corabella,Matejka,Outridge,05/28/2002,coutridgedc@wufoo.com,990506295
482,"nS98,H}p{7l.$v",Andie,Barnaby,Plott,Yurocjhin,10/12/2002,byurocjhindd@nba.com,917205505
483,jY20'K<SA`MC,Warde,Judas,Willetts,Lampett,04/16/2002,jlampettde@xing.com,940686495
484,bT02_'>l6ml}'yF,Renato,Gregg,Pashenkov,Harpur,06/29/2002,gharpurdf@chronoengine.com,928439455
485,sC38~7<POAW.W\,Gardy,Brenna,Sartain,Churchlow,05/15/2002,bchurchlowdg@state.tx.us,940617010
486,mB88|k1r`PxCIF,Jayme,Edyth,Kinsell,Wearden,12/31/2001,eweardendh@japanpost.jp,916151054
487,wB41`!2Pe(jw}v,Chickie,Kellina,Prince,Bayford,04/21/2001,kbayforddi@multiply.com,970006475
488,"vI28,twy""!6f",Rudiger,Madge,O'Connel,Kinsella,05/01/2002,mkinselladj@dion.ne.jp,959945437
489,hM38`|Pb/,Kirsteni,Richardo,Badland,Gregoratti,05/24/2002,rgregorattidk@nydailynews.com,933268942
490,"bG41""De{xVh/vG",Alix,Idette,Amiranda,Clyma,04/28/2001,iclymadl@chronoengine.com,935167787
491,zF43$=o'WzG*'DBx,Dalila,Bartie,Thoms,McColm,06/23/2001,bmccolmdm@1und1.de,946212450
492,fY44>_bDio|H+,Gayler,Arlen,Coaten,Vanyatin,11/04/2001,avanyatindn@apache.org,907717376
493,"vM95,nMN~UVpau",Jeannie,Babbie,Tunna,Bastard,09/18/2001,bbastarddo@hatena.ne.jp,963446089
494,"nW09>,1u!",Heriberto,Garreth,Hartin,Shippard,08/21/2000,gshipparddp@usda.gov,985022791
495,tV48+c%k(V#w<D,Stephana,Tobe,Patillo,Dyshart,03/29/2002,tdyshartdq@virginia.edu,940060807
496,tX90&|.IQT`OP,Gigi,Shaylynn,Turl,Tumber,06/15/2001,stumberdr@bbb.org,983191829
497,yA39/3y3QN$mD,Arlee,Anselma,Leftly,Bernini,10/31/2002,aberninids@google.es,984129221
498,sN83}x|KX,Madelon,Joann,O'Mannion,Eldered,09/12/2001,jeldereddt@friendfeed.com,915843695
499,nZ26=n+Hb9>Wy5,Dex,Jasper,Brade,Ingarfield,09/17/2001,jingarfielddu@nhs.uk,972360829
500,"bS57,KGz7%P,B",Theresina,Craggy,Haigh,Sidey,11/30/2002,csideydv@whitehouse.gov,947377501
501,"dG66(z$g""&}bmu",Sholom,Berri,Tremollet,Wemm,06/07/2002,bwemmdw@artisteer.com,925322430
502,vP76~{!r23xD=l,Micheline,Josepha,Youde,Jollye,01/12/2001,jjollyedx@pcworld.com,964322609
503,jC91&dJFc,Sharity,Maureen,Philliskirk,Creeboe,02/09/2002,mcreeboedy@clickbank.net,987117646
504,"cL20<wK"")3",Roy,Hildegaard,Corkish,O'Cosgra,07/28/2002,hocosgradz@nbcnews.com,944440353
505,fE93<SNqEm,Ivonne,Jacki,Androletti,Noye,09/26/2000,jnoyee0@pen.io,908448964
506,oG36>u&}}c_1,Niven,Jo ann,Coxon,Slora,06/20/2003,jslorae1@tripod.com,926736102
507,yH62+MvM{R\,Candace,Natale,Bostick,Stampfer,01/16/2001,nstampfere2@addthis.com,975426126
508,aR63@F4*vQY#b~,Diandra,Walker,Gutierrez,McAnalley,03/05/2001,wmcanalleye3@fema.gov,910234936
509,"qL99/+Y""jGaO1ry",Richy,Britni,Soutter,Burnage,12/13/2002,bburnagee4@bing.com,975613057
510,"gB83#d@,",Allsun,Irene,O'Farris,Jacox,04/05/2002,ijacoxe5@mit.edu,902690097
511,"hB19%H"")hQ",Winthrop,Way,Rulton,Krzysztofiak,03/06/2002,wkrzysztofiake6@dagondesign.com,945743370
512,"kE49@xo""JRgw~5O",Burty,Denny,Garbutt,Mournian,09/16/2000,dmourniane7@tripod.com,988703106
513,uC82'yoWbsCBt,Kaela,Rouvin,McKernan,Fawlkes,10/07/2001,rfawlkese8@exblog.jp,965510927
514,kU91.o)hd|x,Betsy,Gavan,Listone,Bosden,10/10/2002,gbosdene9@google.es,917473022
515,mS54)q.n_rd,Ricca,Chauncey,Porch,Vaadeland,08/22/2001,cvaadelandea@istockphoto.com,993324067
516,wX88'}6jz58}&!,Elvira,Evangeline,Goodday,Popham,03/15/2001,epophameb@tiny.cc,917559363
517,kW63)Ba}qI4#>h,Stanley,Emmet,Howselee,Collocott,12/28/2000,ecollocottec@google.com,957605494
518,lM13_DUGZ'3,Viki,Alley,Phethean,Cicetti,07/18/2002,acicettied@archive.org,900324312
519,wY80@'cKqd,Saidee,Carol,Fellowes,MacKnight,01/04/2003,cmacknightee@studiopress.com,920361531
520,yH43*'E_OE&5,Calypso,Elihu,Presdee,Rylance,12/15/2002,erylanceef@walmart.com,945640053
521,rN14=Ry3,Nathan,Augustine,Gadeaux,Panketh,05/30/2001,apanketheg@msu.edu,923883235
522,"yL43!j%p,JcyD",Isahella,Dominga,Fish,Kevern,06/24/2001,dkeverneh@weibo.com,970391317
523,nL91@zU0xHN\,Wrennie,Benetta,Tunna,Matussov,10/18/2000,bmatussovei@mail.ru,909252823
524,jN42<_7/@g3,Sheena,Vincents,Klausen,Hearns,07/04/2000,vhearnsej@ycombinator.com,957431515
525,zM37@x8mH,Andreana,Stephanus,Suller,Slemming,01/24/2001,sslemmingek@census.gov,902174536
526,mX41}5U&~,Joseph,Gregory,Spellicy,Wolpert,06/21/2001,gwolpertel@elpais.com,974688471
527,bH29%+A2J8*,Leda,Minda,Houtbie,Sherrin,02/10/2002,msherrinem@mail.ru,909064260
528,"wO89""V3)vzmG=LE",Frederique,Lynnea,Hellewell,Ridley,12/10/2002,lridleyen@sun.com,954732604
529,fQ09}e7D,Obie,Phillida,Dye,Wernher,08/06/2001,pwernhereo@php.net,923713970
530,jV23?KU{8,Issie,Brewster,Bowdrey,Binning,05/26/2003,bbinningep@cocolog-nifty.com,929334430
531,cY15!3dNS>l|},Belita,Niall,Smeed,Ayris,07/17/2000,nayriseq@storify.com,908854865
532,mJ81_5b0H$3pekZ,Letitia,Cal,Deackes,Muschette,04/19/2003,cmuschetteer@sina.com.cn,969458550
533,"tI43}#@ILr,hO6Q",Seth,Thorndike,Villiers,Pillifant,07/24/2000,tpillifantes@linkedin.com,963770135
534,gM67.y_{GwUF0+,Glad,Mitchell,Camock,McGeachy,09/20/2001,mmcgeachyet@miibeian.gov.cn,991073815
535,wQ92%m2vhst,Morgan,Aldwin,Citrine,Boyington,01/16/2001,aboyingtoneu@blogspot.com,930612365
536,rG62)}843>bLr,Nerta,Pennie,Huke,Gian,10/16/2001,pgianev@weibo.com,901644346
537,aM21<RK$?Ik+I%r,Leah,Linnell,Gilchrest,Brettell,06/07/2001,lbrettellew@oaic.gov.au,955600490
538,iU82!(3U!4\S,Broddie,Mick,Keast,Gibson,02/03/2003,mgibsonex@google.fr,947683233
539,gJ14}B=kFg&*1O,Phillipp,Haley,Tungate,Smallacombe,02/21/2002,hsmallacombeey@pcworld.com,986855916
540,qH96%Znic07,Jordan,Clemens,Rabson,Graundisson,01/02/2002,cgraundissonez@wordpress.com,901589826
541,"sG32?jEHhD>$kV,1",Randie,Tobey,Aickin,Tilney,05/27/2003,ttilneyf0@cnn.com,976710750
542,"hM82""SXA=O,D",Tonye,Malena,Iwanowicz,McCoid,08/31/2000,mmccoidf1@auda.org.au,996577123
543,jM47##S|~TvKD,Janaya,Gordie,Skentelbery,Harsent,07/13/2001,gharsentf2@squidoo.com,959423712
544,lF47*'6QVd,Martainn,Tabbatha,Paulsen,Sturmey,02/11/2003,tsturmeyf3@nsw.gov.au,964813244
545,vK44'ZF&,Peadar,Florida,St. Pierre,Grandham,02/13/2001,fgrandhamf4@istockphoto.com,995825425
546,"sM70+CyfR,",Christalle,Nichole,Mussen,Twinbrow,06/06/2002,ntwinbrowf5@behance.net,948304128
547,hR59#M33M_SU,Katee,Dulcinea,Kittredge,Palin,12/25/2001,dpalinf6@un.org,911349838
548,xL72~uxj~VF|K,Alon,Phylis,Coo,Berfoot,05/26/2001,pberfootf7@cam.ac.uk,959836680
549,fB46)NIs|A#,Vinnie,Ardelis,Senyard,Fairbard,01/03/2003,afairbardf8@xrea.com,931657782
550,mC57$v=p>'=,Guss,Krisha,Heasley,Cannicott,07/27/2000,kcannicottf9@latimes.com,996102758
551,aT64~nNGUP,Liana,Sawyer,Dybbe,Storre,12/08/2001,sstorrefa@cornell.edu,918395858
552,oE33>vAbG,Deana,Tatiania,Readett,Storry,04/05/2003,tstorryfb@canalblog.com,972559901
553,aU52'~=8gI@a,Layla,Tommie,Guys,Karpf,08/15/2001,tkarpffc@cornell.edu,981286088
554,uR71+?NnsPDq9,Gabbey,Mac,Whitsun,Lamming,10/04/2000,mlammingfd@163.com,942536516
555,mC77/%*yT$j,Marilee,Aleda,Janowski,Argyle,08/23/2000,aargylefe@ftc.gov,969949531
556,"cH24@<Rt,K=T",Rouvin,Keir,Docwra,Boulter,02/19/2002,kboulterff@behance.net,957922874
557,gA51+)T0WN,Burr,Spense,Richel,Standley,07/18/2002,sstandleyfg@furl.net,901527153
558,kS27)'kN,Franciskus,Freddy,Medcalf,Skewes,05/11/2001,fskewesfh@macromedia.com,908167423
559,sS57%zvZ,Michale,Ripley,Harmar,Enriquez,07/12/2001,renriquezfi@jugem.jp,963788214
560,"tH07\""qT)lhg",Joellen,Dulcia,Bedding,Mundie,03/27/2001,dmundiefj@nasa.gov,926964958
561,zF23=`~\j,Bobina,Yardley,Snoday,Bragge,08/22/2000,ybraggefk@google.cn,901394595
562,"nF80=|FZ.*f""{'p",Tomas,Aurelia,Erswell,Weatherup,01/15/2002,aweatherupfl@weibo.com,940864427
563,dD79?b&5WbzZ,Augy,Saw,Catterall,Glaze,08/18/2000,sglazefm@oaic.gov.au,930015026
564,oL62`%X(l~3<12Gj,Sib,Jodie,Iffland,Chastel,10/09/2001,jchastelfn@netscape.com,925073471
565,"cJ69,vFr4n(7",Tony,Hedwig,Cazalet,Hackinge,08/12/2002,hhackingefo@berkeley.edu,999398402
566,qT56`<i2.``1WE1X,Ariadne,Trula,Chelley,Maidens,10/30/2002,tmaidensfp@sciencedirect.com,932623592
567,zO14.%2I,Yasmeen,Rex,Syred,Rasor,10/16/2000,rrasorfq@un.org,902169231
568,"rE12""d}3_",Adah,Audi,Pettitt,Moncur,09/01/2002,amoncurfr@theglobeandmail.com,987321484
569,lY01~sF%P`G,Alysia,Kora,Seatter,Clayal,07/25/2002,kclayalfs@vkontakte.ru,954907464
570,yW05$#Ewd0&E5W,Sholom,Madeleine,Nutbeam,Saddleton,01/03/2003,msaddletonft@acquirethisname.com,955602070
571,aV07/q1s,Izzy,Vinnie,McGeorge,Cossey,10/25/2001,vcosseyfu@mail.ru,961246411
572,kH71)=+TtK>DKKh<,Boot,Luther,Filimore,Dymocke,01/31/2001,ldymockefv@angelfire.com,916475939
573,gI24*%e)R\+A19,Dan,Lion,Dreinan,Dymick,12/14/2002,ldymickfw@cloudflare.com,919079692
574,eU71&a8Ws=j?,Beret,Kendricks,Laing,Pierson,09/16/2000,kpiersonfx@cornell.edu,952903073
575,mP19#sVIkG,Esther,Lita,Padula,Pippin,04/08/2001,lpippinfy@github.com,980333534
576,"hW45$w6~{.""@8",Malory,Minnie,Adamowicz,Mottinelli,10/28/2001,mmottinellifz@boston.com,994693297
577,gW56<xQ{UQ,Marilyn,Laina,Brookes,Vonasek,08/17/2000,lvonasekg0@artisteer.com,930489277
578,mE66$NI@xe,Shepperd,Lothario,Gatley,Ryce,04/29/2002,lryceg1@umn.edu,918964426
579,aX94=!X5/7}wm,Quent,Ardisj,Lilley,Ryley,09/08/2001,aryleyg2@simplemachines.org,950371884
580,mN12@6yurPtb,Thorin,Erna,Skule,Stanaway,09/18/2000,estanawayg3@noaa.gov,995325344
581,cJ36|?6Vq115,Barty,Dino,Wickman,O'Hickey,08/20/2001,dohickeyg4@naver.com,914585117
582,"tH12}<@K""1",Babb,Kym,Bidder,Allder,12/17/2001,kallderg5@discovery.com,985931041
583,wC04=kF!x?g,Jemmie,Selie,Hutson,Ferbrache,11/05/2001,sferbracheg6@cnn.com,925338328
584,aS23\n}V%Fbgw)9L,Simonette,Hestia,Tolley,Note,10/27/2000,hnoteg7@pen.io,996756943
585,rX30_=o4`LC\G#ZE,Gratia,Annabela,Clancy,Shervil,11/16/2000,ashervilg8@dailymail.co.uk,948177713
586,uH64}`7HYL`PXCL<,Tomasine,Dinah,Batkin,Curr,02/12/2001,dcurrg9@xinhuanet.com,924856624
587,"hS14\J""4|DKT'r",Grantham,Owen,Vida,Turfrey,02/19/2002,oturfreyga@sfgate.com,973097395
588,wK45)X/C+fUHe!,Vergil,Rriocard,Cescon,Oldam,03/26/2002,roldamgb@live.com,990968150
589,yW95)l1otTH`,Robby,Agustin,Kynoch,Tansly,10/03/2002,atanslygc@yale.edu,981112490
590,jO89?Kr`r,Had,Sinclair,Angliss,Waine,03/25/2003,swainegd@hc360.com,948622643
591,mA79`p(e,Anastasie,Lucias,McNickle,Kerin,04/13/2002,lkeringe@exblog.jp,916855327
592,gA95(3#6,Albertine,Cassaundra,Snodin,Wysome,04/24/2002,cwysomegf@studiopress.com,965283516
593,mC34=uElK,Bret,Teodoro,Pallesen,Sjostrom,01/22/2003,tsjostromgg@naver.com,989540749
594,"mY83""QsM)\r#(!BD",Florida,Cordi,Starbeck,Donavan,08/17/2001,cdonavangh@senate.gov,925723626
595,"iV76""pPP",Roch,Fayina,Merrall,Hambridge,02/15/2001,fhambridgegi@trellian.com,969141419
596,"nP15,hda\BY",Hally,Noach,Qualtrough,Mockett,12/01/2001,nmockettgj@mac.com,980270872
597,rT07#gh$,Teodoro,Inesita,Bresman,Telega,07/16/2001,itelegagk@mit.edu,999841523
598,"aV27""\zC,0+B{lh",Timothy,Raynell,Moncreiff,Knott,09/30/2001,rknottgl@mayoclinic.com,942752318
599,mF59&vdBrhkpbMM{,Trula,Ahmed,Meddick,Ugo,06/25/2003,augogm@parallels.com,921832074
600,vO08?bx@V,Norrie,Nickolai,Rowledge,Davenport,12/07/2002,ndavenportgn@theglobeandmail.com,923800375
601,"wB37$7,jrC7%4b",Merle,Liesa,Bourton,Metts,03/10/2001,lmettsgo@google.co.uk,900757788
602,"yN04""Czv?1|'F",Esra,Melisa,Leggott,Rayson,12/22/2002,mraysongp@toplist.cz,960921461
603,jL41+56&/jjoV,Ashlee,Dru,Kohn,Francioli,11/08/2002,dfrancioligq@amazon.co.jp,988873541
604,"qZ79"",KUbqKB|(v8",Robinett,Myrtia,Crayk,Bouzek,10/10/2000,mbouzekgr@oracle.com,994707299
605,cG84(x<$l<0IoUm,Randy,Liz,Oby,Gladstone,03/13/2003,lgladstonegs@google.com,968755968
606,wI66\kL&*t<,Gayel,Hunt,Monroe,Hartop,03/26/2001,hhartopgt@imdb.com,940077760
607,rY57#{iWpJ1a5m,Pierce,Bari,Arnoll,McGraffin,01/11/2001,bmcgraffingu@yale.edu,910785127
608,uH31+$uhan}C,Viki,Renata,Autin,Ruddell,10/16/2001,rruddellgv@bloglovin.com,911283777
609,dY52$.d!7,Kurt,Rees,Pizzie,Ciric,11/02/2001,rciricgw@cdc.gov,923136176
610,xI48=?<Y<UZ>+%B,Vilma,Reina,Slight,McCrohon,12/29/2002,rmccrohongx@cbsnews.com,980472175
611,xG69>j$GR7(T,Mariquilla,Marsha,Coping,Blues,02/08/2003,mbluesgy@opensource.org,969389076
612,gY07&#fUlq!X{T,Tallie,Jillana,Urey,Slowcock,03/16/2002,jslowcockgz@arstechnica.com,976855631
613,pL38=Yne`'O/kVqd,Katrinka,Anastasie,Jeanesson,Westney,09/14/2000,awestneyh0@oakley.com,981498835
614,wL56>\x_8,Misty,Dominik,Haycroft,Caukill,03/30/2001,dcaukillh1@histats.com,966504468
615,vM77_eOatoI%7w,Radcliffe,Sigismundo,Giacobillo,Siccombe,07/08/2002,ssiccombeh2@sun.com,961648943
616,nB07.T{O\)}r>t,Rhona,Sascha,Wooland,Castilla,06/08/2003,scastillah3@a8.net,940984644
617,tA89}qV}hvn=klg,Hubie,Clovis,Ioselevich,Flowith,04/23/2001,cflowithh4@studiopress.com,994056441
618,"sD37|Ykr_L,>a}",Liz,Ida,Bianco,McGoogan,06/09/2002,imcgooganh5@xrea.com,974340570
619,tZ61\xb?mkzs,Tuck,Nicola,McHardy,Schuelcke,07/12/2002,nschuelckeh6@netscape.com,963893486
620,bP39=}*!,Danella,Maren,Baford,McKitterick,03/13/2001,mmckitterickh7@mediafire.com,925345127
621,"cE86}2,Sx>k,W",Shena,Neill,Baldetti,Borgne,12/12/2002,nborgneh8@blogtalkradio.com,995391920
622,kW53!G!6RoD,Win,Shandy,McTrustie,Selman,02/24/2002,sselmanh9@yellowbook.com,933293599
623,"wC28,(FMm",Marjie,Margo,Tisun,Gillow,07/14/2001,mgillowha@smugmug.com,999840813
624,xA86/>pTlgL/w,Roddie,Wendeline,Spittall,Cubberley,12/10/2000,wcubberleyhb@deviantart.com,924238562
625,nM86(fY!2m,Ignace,Heloise,Abbay,Le Pruvost,02/20/2002,hlepruvosthc@naver.com,997025097
626,tT29&wAoKvXwtE|,Amos,Burk,Loving,Chapelle,09/09/2001,bchapellehd@go.com,997859475
627,cF55(@x#,Starlene,Hillie,Ibbett,Freeman,11/01/2002,hfreemanhe@shareasale.com,960466895
628,bB60%KTnq\l@'It?,Anica,Alyson,Maulin,Haggus,12/09/2000,ahaggushf@goo.gl,960850380
629,zB59`M6uk,Pepillo,Moss,Dommersen,Erickson,07/25/2001,mericksonhg@jigsy.com,991469291
630,"mP92)'""m",Marlene,Arvy,Grimshaw,Blaszkiewicz,11/22/2001,ablaszkiewiczhh@nsw.gov.au,968029331
631,tM95~?38,Obed,Zebedee,Solomonides,McAllaster,04/30/2002,zmcallasterhi@slideshare.net,911503282
632,dP36`Js.V$P+,Kerrill,Philipa,Ivanichev,Purkins,05/20/2001,ppurkinshj@amazon.de,977316473
633,bO81!sUAzU6,Heloise,Salvador,Oxley,Scurlock,05/06/2003,sscurlockhk@tripod.com,940787895
634,oV86`MEB=WO\X#J,Waring,Yorker,Halliburton,Gaule,10/06/2001,ygaulehl@wunderground.com,957816381
635,"wH68'82?8ZM,Lp8/",Anabal,Georgy,Moulster,Friedank,06/29/2002,gfriedankhm@deviantart.com,970730216
636,bX62!h0}i,Enriqueta,Juliane,Verlinde,Gaskamp,09/28/2001,jgaskamphn@booking.com,986195849
637,rK25%RnAp1jA,Mathilda,Dreddy,Borrie,Nimmo,04/09/2003,dnimmoho@bravesites.com,933423425
638,oG01>c/np\@6R,Natty,Freeman,Vaissiere,Montrose,10/05/2001,fmontrosehp@mac.com,909647235
639,hY63!vbRaLriz@,Perrine,Steffie,Greenshiels,Decker,01/19/2001,sdeckerhq@bloglines.com,935426834
640,"mH02,yz!RGqj""H",Georgie,Michel,Dinneen,Rupp,06/28/2001,mrupphr@theglobeandmail.com,973531685
641,jU46.#0%0,Cate,Case,Zylberdik,Duffan,05/09/2003,cduffanhs@google.de,903485216
642,gB16'RxHW7j,Zedekiah,Fiorenze,Grishakin,Eton,02/22/2003,fetonht@lulu.com,993935949
643,iD54<&RhoE'&W*?7,Wynn,Tim,Cavaney,Wiltshear,07/23/2000,twiltshearhu@free.fr,912954332
644,kF09))$R,Ericha,Lida,Cawker,McGuff,06/17/2001,lmcguffhv@scribd.com,977582306
645,eX91+p44$F{rB,Vanda,Erhard,Offa,Durbyn,11/15/2000,edurbynhw@bloglines.com,928513855
646,vC27`$18ij&,Ralph,Tobiah,Taylder,Dregan,09/06/2001,tdreganhx@quantcast.com,969163009
647,dR73.U\JCF_vB,Steffane,Kessiah,Lachaize,Maddrah,11/26/2001,kmaddrahhy@yolasite.com,912207299
648,sK69'\>aL/}Nd`,Jesse,Corey,Gyurko,Landeg,08/27/2002,clandeghz@mtv.com,948444519
649,nH12@<*.GDUI4D#,Conchita,Pippy,Peteri,Naerup,02/20/2002,pnaerupi0@histats.com,900271745
650,uQ92/Q_Ug9F<),Brady,Vanda,Rosenvasser,Orthmann,04/02/2002,vorthmanni1@tmall.com,955350191
651,cR39%|ekB.,Seumas,Hersch,Faragan,Gonnin,08/18/2000,hgonnini2@ucla.edu,981262193
652,aE82$kT%*>A,Winnie,Aubry,Connichie,Lamswood,08/30/2001,alamswoodi3@spotify.com,982480979
653,rL23)ooJ>nS,Olive,Katerina,Branchett,Wernham,10/29/2001,kwernhami4@newsvine.com,928315939
654,uA94~2a0F|VH`',Dasi,Dru,Boxhall,Huxley,06/20/2003,dhuxleyi5@canalblog.com,999165135
655,iK40<W.aI'b{,Kordula,Inger,Lillecrop,Liddel,11/28/2001,iliddeli6@arizona.edu,967702025
656,"hT47)C,!VzGb{b",Linoel,Ethelda,Shallcross,Leveridge,05/26/2001,eleveridgei7@fema.gov,921914429
657,gT95>8kq4K#r,Warren,Lissie,Gerauld,Feria,03/20/2002,lferiai8@cafepress.com,976346867
658,lW17|I&njT,Algernon,Gayel,Dary,Flement,06/20/2003,gflementi9@java.com,986437398
659,xT49>w_?I\,Libby,Sheena,Stobo,Pinar,05/20/2002,spinaria@uol.com.br,922980358
660,wF25/q\x5/5o\n,Corry,Olva,Roos,Seater,02/15/2003,oseaterib@ameblo.jp,994383404
661,lK02'#lO45t1DLrx,Kori,Delcine,Burley,Lattie,03/09/2003,dlattieic@alexa.com,985580647
662,tG23<4D3ng,Fredek,Morganica,Arden,Longmuir,08/24/2000,mlongmuirid@usatoday.com,956773863
663,eA06{&ZUEWy6yl,Ingamar,Charmine,Duffy,Murphy,12/19/2001,cmurphyie@furl.net,955450312
664,"oV48`{qID""M.o_I",Herold,Portie,Reagan,Walkden,05/12/2002,pwalkdenif@ameblo.jp,978283732
665,jO20}NI1duyV,Verine,Case,Digginson,Magnar,03/03/2003,cmagnarig@amazon.de,928268795
666,xO77%*)Cb~35f,Benson,Fancie,Kerwin,Gabbitus,10/22/2002,fgabbitusih@altervista.org,933732797
667,hZ71@Idy!J,Bennie,Laureen,Tilte,Marion,01/26/2002,lmarionii@cisco.com,928705770
668,"kT87@,,_my}Y",Ashlin,Malorie,Lemerle,Denkin,10/01/2000,mdenkinij@devhub.com,970359138
669,"tX32|""InrKA5t",Isabella,Christoffer,Gane,Waldron,07/26/2001,cwaldronik@addtoany.com,920581243
670,"gN44?j""BEuvG?",Mellisa,Hephzibah,Sculley,Culmer,09/26/2002,hculmeril@zdnet.com,960759763
671,"tP44{s1Z,|A",Alisha,Iggy,Dockrey,Dedden,02/22/2003,ideddenim@ocn.ne.jp,983991895
672,nS61'@)RzH,Grayce,Brita,Worsham,Larret,02/07/2002,blarretin@skyrock.com,984665447
673,hQ68!UB~v,Editha,Leonid,de Quesne,Fuster,08/09/2002,lfusterio@fda.gov,958007129
674,oF12\qj1gv@d@!W,Rubina,Hervey,Waistell,Bensley,10/17/2002,hbensleyip@last.fm,938667061
675,"hP31.&S6""",Lucius,Jany,Danher,Bloomer,07/13/2001,jbloomeriq@ask.com,983630375
676,dI83=y*=b+h,Jase,Dorree,Spolton,Chaperlin,07/18/2002,dchaperlinir@blinklist.com,958216509
677,qQ07=9<Ca,Susannah,Marquita,MacAree,Merill,01/17/2003,mmerillis@bigcartel.com,947993230
678,vF11`o@ftl,Jefferey,Cesaro,Gresswood,Cosker,10/11/2000,ccoskerit@networksolutions.com,953886245
679,pN64<j8Un~,Verne,Charlot,Maffiotti,Winning,09/27/2000,cwinningiu@pinterest.com,904329036
680,"fL79""+/_99$kHL",Frans,Anabelle,Hesbrook,Colbertson,04/28/2003,acolbertsoniv@yandex.ru,900660053
681,cQ09*EH/C8m+P,Ginni,Reuben,Sanpere,Dulany,05/07/2002,rdulanyiw@google.co.uk,920664086
682,yQ16.\jCj3xM#,Gayleen,Lucretia,Baseggio,Fillon,04/14/2003,lfillonix@yandex.ru,980924986
683,gE82)C(4@_,Ryley,Belita,Midner,Insko,07/30/2002,binskoiy@columbia.edu,919265666
684,jX93%{Id4Kv8N@,Elfrida,Gonzales,Gornall,Torns,01/07/2003,gtornsiz@oakley.com,960600914
685,sY70#rl9#C{bo(,Kathleen,Parke,Rein,Trenbay,08/13/2001,ptrenbayj0@multiply.com,970406915
686,cQ37&|@74Ray,Maurine,Lorie,Ravilus,Buzin,01/29/2002,lbuzinj1@marketwatch.com,944887147
687,aM32}wD&*(qe,Pennie,Thayne,Samsonsen,Sayre,08/18/2000,tsayrej2@hostgator.com,918109710
688,uQ62!0?`,Kirstin,Oswald,Rodd,Auden,09/21/2002,oaudenj3@shareasale.com,979898248
689,wJ95#d{5g$A=C,Sherlock,Cindy,Philipp,D'Hooge,08/30/2000,cdhoogej4@ucsd.edu,970793397
690,oX26_GtF,Ibrahim,Arlana,Ackenhead,Armitage,10/25/2002,aarmitagej5@dedecms.com,903848417
691,mN26}0?.,Mortimer,Westleigh,Sutton,Lias,01/31/2003,wliasj6@disqus.com,937788984
692,nH42~9d&CD\i6q,Emery,Arley,Biesty,Domanek,09/09/2001,adomanekj7@sohu.com,962888543
693,sV11.J0`rN=Y6c%~,Fran,Sayre,Youster,Keane,03/14/2003,skeanej8@bravesites.com,930308878
694,tI21/cRT+#9,Roze,Waldo,Sprules,Traice,04/26/2001,wtraicej9@de.vu,945574499
695,kD25%TF)E#C,Cecilius,Lise,Lakeland,Berkely,08/18/2002,lberkelyja@amazonaws.com,918852547
696,"qM06,MDecda<Z",Arabella,Frasier,Earnshaw,Presman,07/03/2001,fpresmanjb@elegantthemes.com,918065724
697,uF18~Yuw),Rice,Angelo,Magauran,Parades,04/21/2001,aparadesjc@netvibes.com,938797732
698,mL94_p9ZaX9B~,Miles,Rennie,Heindrich,Winspar,01/17/2001,rwinsparjd@ucsd.edu,913108731
699,"nD72<M(,R)O",Lynne,Damita,Ianson,Fattorini,11/30/2001,dfattorinije@spotify.com,965511701
700,"jZ34""NF%f}D#1",Georgeanne,Melva,Rault,Marlin,06/06/2002,mmarlinjf@psu.edu,907286666
701,"pR19=R,Q2}x",Joelynn,Ruprecht,Kidstone,Loxly,09/09/2000,rloxlyjg@reddit.com,962237106
702,hS39>WL)Ecf>o,Far,Tisha,Mellows,Kingscote,02/03/2003,tkingscotejh@scientificamerican.com,989655517
703,"cP02}qs!}CB<mW""",Sianna,Adey,Dollimore,Hehnke,03/29/2002,ahehnkeji@cmu.edu,991180966
704,uA32'YW{OIjw,Skipper,Danni,Jeacop,Likly,01/06/2001,dliklyjj@sina.com.cn,952506124
705,aH68(BNYJE,Roselia,Patricia,Row,Blanchard,09/19/2001,pblanchardjk@geocities.jp,935023528
706,lG06`L5(G,Robby,Wallis,Redfield,Maclaine,06/13/2001,wmaclainejl@japanpost.jp,953627867
707,eX39|s%D&,Meris,Kellby,Tonkinson,Aleksankov,08/31/2002,kaleksankovjm@purevolume.com,944954737
708,sB42{#Njszt{2!,Teador,Shayne,Zisneros,Paxton,02/26/2002,spaxtonjn@unblog.fr,963838457
709,oE05`|dt.p/p,Amara,Mireille,Manueau,Teodoro,05/03/2001,mteodorojo@phoca.cz,929135289
710,hW41&er5.,Bradan,Sapphira,Wrixon,Rosso,02/25/2003,srossojp@disqus.com,935200539
711,gN26'Abzz,Torey,Mac,Neighbour,Mc Gorley,05/07/2003,mmcgorleyjq@businessinsider.com,943119656
712,qI65+X$FY#I,Leif,Engelbert,Spriggin,Minchinden,07/15/2000,eminchindenjr@nps.gov,960114146
713,vK17#MxS,Ellissa,Lynsey,Innes,Cuesta,06/20/2001,lcuestajs@dyndns.org,983789925
714,"zZ93'mrXa8BNOr"")",Udall,Gert,Giorio,Goodwyn,03/05/2001,ggoodwynjt@stanford.edu,910982740
715,wJ74%EY1v+r8cc&,Prentiss,Skipp,Mazzeo,Doul,11/28/2002,sdoulju@rediff.com,912637021
716,yK72'z{Dh@c,Arlen,Tris,Piatkowski,Giovannazzi,05/06/2003,tgiovannazzijv@earthlink.net,903487411
717,vV00&6GeOgB,Korney,Randolf,Dufaur,Kilfeather,08/29/2000,rkilfeatherjw@digg.com,999922583
718,"gJ04,|vg6@8Z0",Claire,Adela,Smurthwaite,Gapper,06/11/2002,agapperjx@pagesperso-orange.fr,944937442
719,"hW80""53cQIX=(",Waite,Ferne,Saffon,Rodson,08/24/2000,frodsonjy@diigo.com,966449671
720,kP23/PJ}HyC2Ww(),Sheilah,Winnie,Wadmore,Bushe,09/08/2000,wbushejz@lulu.com,975567342
721,yL26#_5D/G#M_2,Marna,Binky,Gabbitus,Braben,05/28/2003,bbrabenk0@mit.edu,987043773
722,cI31{=47,Maurita,Celeste,Tomeo,Hammett,06/09/2002,chammettk1@dmoz.org,902923169
723,"nJ20,v<7n>n7KJ+!",Tony,Dominique,Karpe,Braxton,10/05/2000,dbraxtonk2@hatena.ne.jp,938194565
724,"uD65""0#x9TPCl}~j",Heath,Noami,Gauche,Tavinor,06/15/2003,ntavinork3@msu.edu,912819262
725,"yP48""'8au",Gerladina,Camel,Errichi,Dandison,02/26/2001,cdandisonk4@simplemachines.org,995299521
726,"dY39,Ba~&",Zachary,Taffy,Scard,Mityakov,06/06/2003,tmityakovk5@state.tx.us,954265914
727,iR27\_S6DC|#ptq,Tansy,Bobbe,Juhruke,Oxtiby,12/29/2001,boxtibyk6@weather.com,956878381
728,"lY90~=mt""/@h",Gianina,Brannon,Fatscher,Dougary,03/03/2002,bdougaryk7@bigcartel.com,922371521
729,yU80*R|?,Jena,Van,Jutson,O'Geaney,07/29/2002,vogeaneyk8@theguardian.com,985570660
730,tT75>jRd_T_Gm~,Sanford,Del,Mitchel,Ambrosch,06/26/2002,dambroschk9@slashdot.org,937015303
731,oE74/>3m2d%o)tB,Reina,Pamella,McAmish,Ropp,05/05/2003,proppka@typepad.com,921758443
732,tP18%5ua+o\$wv,Poul,Blaine,Stonhewer,Mullany,01/13/2003,bmullanykb@cornell.edu,929376184
733,"oJ82_fg09W{SMN""",Alexandro,Lisa,Brik,Winspire,04/20/2002,lwinspirekc@earthlink.net,934803145
734,xL80'4WgX)Klq,Freemon,Winston,Parry,Finnan,11/30/2002,wfinnankd@cargocollective.com,959377115
735,yO72/yP~,Dimitri,Desiri,Aris,Gibbe,12/19/2001,dgibbeke@reddit.com,935994501
736,rZ68`zeu6GV,Ondrea,Delbert,Karpman,Simakov,06/07/2002,dsimakovkf@ucsd.edu,962708954
737,cS44|B({(<)G#'`,Clementine,Harvey,Melluish,Petre,07/17/2001,hpetrekg@typepad.com,997993070
738,xV62=d`hBw|DM,Hymie,Galina,Belden,Girodin,08/27/2002,ggirodinkh@artisteer.com,973777405
739,dH29}ff+xi.|kS=D,Penelopa,Magnum,Gadsby,Viner,11/27/2000,mvinerki@mtv.com,964253821
740,pR57}+SQNGns{cBR,Magnum,Kelvin,Bande,Yglesias,07/25/2000,kyglesiaskj@cdbaby.com,937538495
741,zD26'8lFMo,Willetta,Charlena,Mottini,Andrejevic,11/05/2002,candrejevickk@com.com,955137460
742,kB45/$qdj1B,Gennifer,Sile,Baldinotti,Wem,04/11/2001,swemkl@last.fm,918323942
743,"pD08,/T{",Whitney,Cissiee,Flear,Antczak,04/11/2002,cantczakkm@howstuffworks.com,904120785
744,"wJ76,(w2N`e&",Nevile,Micheline,Di Angelo,Trimbey,03/17/2003,mtrimbeykn@ted.com,961205237
745,"uX31""n$r)}`i``",Jarrett,Beauregard,Scholer,Giggs,10/04/2001,bgiggsko@xrea.com,958312442
746,"wW51,Og=",Aldin,Michel,Dominiak,D'Aulby,10/26/2001,mdaulbykp@desdev.cn,923550074
747,rE16_507fHL@.E{l,Samaria,Ianthe,Gorgl,Daulby,04/16/2002,idaulbykq@mac.com,992838429
748,cG31/xeD6,Krissy,Octavius,Scholz,Overstone,07/29/2000,ooverstonekr@privacy.gov.au,942208220
749,aQ42_3Qy?O&`<,Bond,Bambi,Pie,Dowbekin,03/10/2002,bdowbekinks@gnu.org,969472758
750,"bR75'86I)qM,8o",Emmalee,Moyna,Torrent,Bardey,07/01/2001,mbardeykt@tripod.com,990233999
751,"lF80%.l7""|st",Dalila,Ingrim,Whitlow,Hansen,08/26/2001,ihansenku@merriam-webster.com,900971090
752,hR97~Q}/}3tFV3,Jacquenetta,Dean,Worgan,Medd,12/27/2001,dmeddkv@skyrock.com,969506619
753,oA56>\d'I{y8,Estel,Omero,Ruhben,Orhtmann,05/10/2003,oorhtmannkw@mac.com,968231993
754,rV93(Ee!8UB!p%,Huberto,Blaire,Hughes,Premble,11/28/2001,bpremblekx@house.gov,967262678
755,"uQ14<l?lhsW.,Y*6",Brand,Sawyer,Strutley,Covotto,05/11/2002,scovottoky@freewebs.com,939102923
756,lQ34#72T>5O`}Y@,Tadio,Sal,O' Mahony,Simm,06/07/2003,ssimmkz@yelp.com,918221191
757,vN73#sK\,Bamby,Scott,Raoult,Klampt,06/25/2002,sklamptl0@google.de,937067229
758,wT79\I=bMRVdg4,Isabella,Brena,Harbard,Farren,07/26/2000,bfarrenl1@de.vu,926935123
759,kR96~&y!E<8keL,Sigismund,Stefanie,Sargison,Bett,06/16/2002,sbettl2@mashable.com,925927588
760,aX35?~T#Hg,Erik,Mufinella,Tschursch,Gillott,05/13/2001,mgillottl3@google.co.jp,980495786
761,oI99?MvRe\dKP@,Emera,Florie,Gredden,Pressman,02/04/2002,fpressmanl4@icq.com,945131263
762,uB05(Bm1,Sallee,Mollie,Youens,Luckham,04/14/2002,mluckhaml5@psu.edu,902753281
763,tH91#1QtrHJ,Levi,Waylan,McManamon,Renard,09/27/2001,wrenardl6@ca.gov,917637392
764,vS14`09U?,Irvin,Sandra,Goodfellow,Minear,12/17/2002,sminearl7@sohu.com,956696577
765,bK67*zuJ{e,Lurline,Marie,Kilty,Gibbon,12/28/2001,mgibbonl8@abc.net.au,982764662
766,kX62=`\Ebz1k}_CF,Cherry,Quinlan,Bilton,Fryett,01/10/2002,qfryettl9@mlb.com,983129675
767,"hX66,8n|#dELJ4X",Brand,Ephraim,Colam,Lansdowne,10/17/2001,elansdownela@huffingtonpost.com,956409219
768,yJ14_r_S}!\,Billy,Lemmy,Lewsey,Earingey,09/23/2001,learingeylb@bandcamp.com,982076815
769,mL54}arO~0S6,Kelli,Cristin,Marcombe,Stoving,12/03/2001,cstovinglc@angelfire.com,944976825
770,aL63|MbT(7u,Kinnie,Berry,Pelerin,Lindro,11/27/2001,blindrold@google.it,980240733
771,vL77_jR#)3,Eb,Augustina,Force,Belli,11/04/2002,abellile@reference.com,948009514
772,"mX35,4*C%Qa(",Erica,Mohandis,Ivanyukov,Ties,05/30/2001,mtieslf@cbslocal.com,978969148
773,iS68>(fA7g#,Virgina,Wendel,Koche,Brightman,04/29/2001,wbrightmanlg@nih.gov,929264856
774,sF35$f5Cmw,Sarene,Vinny,Lemarie,Boat,04/01/2002,vboatlh@qq.com,990980159
775,cD47=DVSB!DJ,Stu,Freedman,Ivanusyev,Surgison,07/25/2002,fsurgisonli@cbc.ca,991782818
776,uA45=eKz&r/wg,Arvin,Charil,Alchin,Cowlard,02/25/2001,ccowlardlj@ibm.com,942303067
777,uK40?s7`4rAyK$'*,Minna,Lyn,Graffham,Garn,12/06/2001,lgarnlk@altervista.org,925848732
778,iE63$z~t,Kristofor,Pancho,Applegarth,Bezemer,06/07/2002,pbezemerll@thetimes.co.uk,981158907
779,bK18\lrlt@u,Erinn,Skelly,Eyckel,Leebetter,10/09/2002,sleebetterlm@alibaba.com,974415463
780,nC71|7ucyCst,Daile,Ferrell,Attfield,Dupree,06/30/2001,fdupreeln@forbes.com,944409120
781,sZ84>={9|XO1O=,Goldia,Tandie,Studeart,Lentsch,11/18/2001,tlentschlo@google.es,928572588
782,jP87(0(=y,Merl,Thalia,Lark,Cowden,10/02/2000,tcowdenlp@networkadvertising.org,968709981
783,pJ81+U79?|l,Paulo,Constanta,Headley,Blinckhorne,06/30/2001,cblinckhornelq@youku.com,957007724
784,gZ44=H$lTN{m8,Nestor,Diana,Gounin,Caldes,10/15/2000,dcaldeslr@adobe.com,999051244
785,"gI52>""""h2Vn_Z,p_",Ulrika,Saunders,Grange,Little,01/20/2003,slittlels@imgur.com,913898196
786,oZ84+$'1,Tyrus,Irita,De Beauchamp,Crilley,09/27/2001,icrilleylt@bloglovin.com,966149594
787,tL69/2e8xY,Chelsy,Roxana,Petyakov,Comini,06/07/2001,rcominilu@loc.gov,979501017
788,"xL77%IeE,QWxi",Diann,Jereme,Natte,Madders,05/08/2001,jmadderslv@quantcast.com,968575043
789,xI00!EGON'Na&,Arin,Alleen,Rosencrantz,Retallick,02/07/2002,aretallicklw@woothemes.com,981170049
790,tB60>$Qn(5)`O',Galven,Rebekkah,Stewartson,Glossop,09/23/2002,rglossoplx@goo.ne.jp,930467537
791,kS51'29+B,Dniren,Tammara,Winckles,Shearsby,02/12/2003,tshearsbyly@cloudflare.com,972834188
792,hW49.mit,Brewster,Leda,Musslewhite,McKennan,09/17/2000,lmckennanlz@pbs.org,933361842
793,kK27!((y,Sharia,Adrea,Velden,Calender,04/18/2002,acalenderm0@about.com,945481122
794,eO97)NMvUa6jr~,Rhianon,Carlo,Poundesford,Leversha,07/04/2002,cleversham1@vk.com,917576745
795,iY16?(yO,Aundrea,Alfons,Falla,Mulligan,10/18/2002,amulliganm2@biblegateway.com,974230747
796,xM32!$Wi'#Uj~C,Chiarra,Esther,Seydlitz,Sheardown,10/18/2002,esheardownm3@skyrock.com,908690384
797,vM70/Ra>p8~{#,Pansy,Minna,Cherryman,Azam,01/31/2003,mazamm4@google.ru,975971420
798,wW85$Ozfu0J6bb8c,Andrea,Alvina,Elsdon,Handsheart,02/09/2003,ahandsheartm5@symantec.com,984329324
799,nD84~}Lr,Eulalie,Agustin,Ainsley,Bruckman,02/11/2003,abruckmanm6@mayoclinic.com,982043656
800,"uJ91(+,c(I0{_bfW",Carmela,Farley,Wellesley,Veronique,06/18/2001,fveroniquem7@tripadvisor.com,960994125
801,"nV16(9jZ(""1g?q{",Rafael,Krishnah,Van Halle,Meggison,03/07/2001,kmeggisonm8@51.la,907926809
802,"qB96""kS<)NQh`}3",Theobald,Lorianna,McCaskill,Leare,04/21/2003,llearem9@bandcamp.com,993833729
803,sD75.w0=T_srN,Fiona,Filippa,Easter,Giacovelli,04/15/2003,fgiacovellima@bravesites.com,914977396
804,hG47_*RL1~Qz|&o/,Kylie,Zackariah,Bartholat,Downing,09/08/2001,zdowningmb@github.io,996383241
805,gG31|$.Ff`d\0n{2,Alfonso,Veronica,Yurinov,Collinson,02/15/2002,vcollinsonmc@prweb.com,961067991
806,"qE92*hAzE,o",Lorie,Kylynn,Paprotny,Hackelton,04/23/2003,khackeltonmd@live.com,906162772
807,qH36/.#C%=K6#,Haroun,Theodoric,Dmtrovic,Garton,08/15/2002,tgartonme@themeforest.net,945965455
808,zI93+~im7j,Ragnar,Leta,Decroix,Blowen,12/20/2002,lblowenmf@mac.com,983574572
809,fH74$7${c+e/ZB#,Ev,Ben,Slaughter,Charlson,09/23/2002,bcharlsonmg@theglobeandmail.com,987697854
810,hZ12'%{6`uP.voch,Joelie,Marquita,Maddox,Tyt,12/10/2002,mtytmh@yolasite.com,939819985
811,eM49+9a\Q,Tully,Joannes,Punch,Cressar,11/26/2000,jcressarmi@imgur.com,982455259
812,"fN27.$,yg",Barry,Zitella,Hinksen,Beardmore,08/05/2001,zbeardmoremj@thetimes.co.uk,929187931
813,uR52%#<S<'C,Peter,Alexander,Freebury,Kleisle,01/06/2002,akleislemk@hao123.com,923302278
814,aT33$LmO|'6<,Kasey,Ailsun,Camerello,Sheldon,08/31/2001,asheldonml@mtv.com,914537084
815,qV65~3P498wD,Augustin,Farlee,Pizzey,Riolfo,11/01/2001,friolfomm@fc2.com,955892663
816,cM25*A58L\(g=8~,Carlota,Rasla,Kunze,Agiolfinger,01/06/2003,ragiolfingermn@va.gov,997821555
817,iR19_P@#hzjHL,Iris,Camile,Whittington,O' Hanvey,01/22/2003,cohanveymo@google.ca,931667587
818,lV43@r>}Zv|r,Wood,Roddy,Andreia,Pedreschi,06/15/2001,rpedreschimp@skype.com,905864485
819,jL69?AbSU,Augustine,Sabine,Busson,Lugg,05/09/2002,sluggmq@homestead.com,906020069
820,jY55+ep6x,Bridgette,Griffy,Causer,Gamell,11/29/2002,ggamellmr@51.la,950207793
821,uU07`~bM>sc`,Zack,Micaela,Calow,Waddam,03/07/2001,mwaddamms@nsw.gov.au,992828337
822,yV23)Y<ES)y,Jenni,Albertina,Costa,Desmond,05/17/2003,adesmondmt@xinhuanet.com,968841606
823,"gA59{,""=",Dorthea,Chere,Henrique,d'Arcy,10/01/2001,cdarcymu@theguardian.com,912868750
824,bK90{MUkfKt,Artemis,Donella,Thurlbeck,Dick,03/01/2001,ddickmv@omniture.com,912719732
825,xZ45'98S{Kcgc,Elonore,Bevan,Benaine,Milbourn,09/28/2000,bmilbournmw@shareasale.com,999286487
826,qV56~#6F'J94@<,Eddie,Arden,Wrinch,Paolino,10/07/2000,apaolinomx@virginia.edu,993894919
827,"tV73""`aE",Druci,Murvyn,Rollo,Lancett,07/12/2000,mlancettmy@sakura.ne.jp,949861401
828,dJ89_=&YlSZ)y,Shane,Zack,Solley,Badini,04/19/2003,zbadinimz@economist.com,902487846
829,"bR88?lu6Ua>""",Tomasine,Justin,Skirven,Sharland,08/27/2000,jsharlandn0@photobucket.com,910808787
830,zI40#~$l,Davis,Scarlet,Crellin,Bexley,07/06/2002,sbexleyn1@hexun.com,906276916
831,"sY68&GCo,C*G,",Henryetta,Elianora,Stitwell,Davidovicz,03/17/2003,edavidoviczn2@a8.net,933146911
832,mI23~.g%d,Powell,Keefer,Drinkale,Benz,01/22/2001,kbenzn3@abc.net.au,974931300
833,zT15$`_r*xUp,Kingston,Teador,Kolczynski,Doorey,12/24/2002,tdooreyn4@go.com,954972873
834,"oX77'eb,J",Ernst,Emanuele,Arkley,Wigsell,11/26/2000,ewigselln5@hhs.gov,920792881
835,wJ81$QdTM,Darnell,Hoebart,Ferrulli,Wathey,01/30/2003,hwatheyn6@wisc.edu,947104788
836,zW13\m{'R7<2d,Fran,Kenneth,Troyes,Chittim,01/18/2002,kchittimn7@sun.com,983083984
837,tM05?1cJg0W,Cristal,Teodora,Lamkin,Gradwell,08/05/2002,tgradwelln8@dailymail.co.uk,999293888
838,dB78'x__c,Darrell,Garvey,Joskovitch,Yarn,07/09/2001,gyarnn9@mac.com,983700623
839,pT88=oqN2FE=,Mary,Torin,Marginson,Mungane,07/09/2002,tmunganena@jiathis.com,976888198
840,cW20%}(K.?N,Hildagarde,Portie,Farny,Eberle,10/21/2000,peberlenb@discuz.net,923586730
841,"bL47""r8n8MKFo",Dwain,Goddard,Semiraz,Copello,09/05/2001,gcopellonc@merriam-webster.com,963451237
842,pT02%z5/W,Jade,Vick,Barsby,Toppin,09/24/2000,vtoppinnd@yelp.com,984269811
843,sG74!34+Hk,Amara,Aurie,Taber,Curds,01/07/2001,acurdsne@unc.edu,990984728
844,"mZ11<jcm""a1,S",Pierette,Carey,Cockaday,Petrakov,05/19/2001,cpetrakovnf@ebay.co.uk,922470371
845,bQ18}dzlLi@e/,Nessa,Amos,Bevens,Breach,12/08/2000,abreachng@hud.gov,997174812
846,"fL28,smFNg",Don,Hadleigh,McLagain,Kenner,03/08/2002,hkennernh@msu.edu,940878267
847,"rE46""a`>x*&)",Gran,Katy,Quig,Mendoza,01/15/2003,kmendozani@japanpost.jp,972604601
848,yR22<(71Vsf)Y,Waite,Cristiano,Petr,Kinahan,06/25/2002,ckinahannj@about.com,917499068
849,"uF75>tj=(dh#,",Tyson,Consalve,Wannes,Adamik,07/25/2002,cadamiknk@patch.com,900027490
850,gX61=$6\L'ibo.,Isobel,Emlynne,Station,Baily,06/29/2001,ebailynl@cdc.gov,981877845
851,pJ58<*'+<8V9zW2',Lorettalorna,Harrie,Filipov,Hatter,01/14/2003,hhatternm@google.com,931308175
852,hD73~CTx|mUq/r,Alphonso,Lonee,Yepiskov,Giffen,11/15/2001,lgiffennn@reddit.com,921732781
853,eL95&Paw,Avie,Jehanna,Roan,Mattessen,03/09/2001,jmattessenno@icq.com,956489230
854,cP90&7lG#,Moreen,Rebeca,Panther,Ivakhin,08/26/2000,rivakhinnp@redcross.org,966529743
855,"mF30\Nh9,6KF",Jammie,Thorndike,Lidyard,Havers,02/27/2002,thaversnq@yolasite.com,982965135
856,uM08{cm4OOW*t$,Margret,Kirby,Spreag,Sturgis,08/08/2000,ksturgisnr@huffingtonpost.com,942560363
857,pM93`+K{/(G16FvU,Letizia,Ellette,Devall,Bigglestone,11/11/2001,ebigglestonens@photobucket.com,985657392
858,zC82!j1Y,Elana,Nettle,Larrad,Tinkler,12/17/2000,ntinklernt@digg.com,928608512
859,lI64/X&KFtS+,Modestia,Tonya,Stilgoe,Crumly,12/31/2001,tcrumlynu@ovh.net,902776675
860,qW60*W=Z,Maddalena,Denis,Joselson,Dedenham,01/25/2002,ddedenhamnv@simplemachines.org,911693049
861,gH71+|xk>hv,Niel,Florina,Bennington,Stivey,01/30/2001,fstiveynw@disqus.com,983178659
862,"wM40"",=?2r",Marsiella,Marcella,Scotchmer,Harsum,08/25/2001,mharsumnx@nytimes.com,925164400
863,xA92\Nl0.9|n,Sasha,Torrence,Messitt,Kemer,12/07/2002,tkemerny@drupal.org,971204835
864,jG10/$sfkiq!ct1r,Cull,Lucias,Skeldinge,Aprahamian,11/07/2000,laprahamiannz@altervista.org,972391803
865,mK86.&X@(x$0,Agathe,Ivar,Marjoribanks,Naish,10/30/2001,inaisho0@biglobe.ne.jp,923947318
866,"qM66}Xw""1cAU6V",Lauryn,Milly,Fryett,Crosskell,09/03/2001,mcrosskello1@creativecommons.org,950415244
867,oA54{+R=5y,Kasey,Kerrill,Snazel,Moncarr,11/27/2002,kmoncarro2@ocn.ne.jp,962461986
868,uS73=$(Hqctlh,Gene,Jozef,Cagan,Fyall,07/07/2002,jfyallo3@ucoz.com,978920413
869,"wW76.""fa5",Nealy,Hamil,Plumtree,Kimblin,10/19/2002,hkimblino4@ask.com,971968973
870,iY22/QTcbuEdmi4,Leilah,Ruthe,Tovey,Mercy,03/17/2001,rmercyo5@list-manage.com,963007103
871,gD88(yTnf>jtj4Jd,Matt,Roddie,Loosemore,Dilliston,04/29/2002,rdillistono6@is.gd,985003903
872,fV76/(EuXzf5&,Burg,Silvanus,Bonifas,Rycraft,11/12/2001,srycrafto7@bizjournals.com,993133271
873,xG31=\{_5b2,Vittorio,Darell,Dutt,Gherarducci,06/07/2002,dgherarduccio8@goo.gl,983399508
874,aM79!}8#z9%d,Toddie,Berty,Scoterbosh,Alderson,05/15/2002,baldersono9@about.com,901551231
875,iS84=)279>n,Sylvia,Mabel,Nozzolinii,Christian,03/30/2003,mchristianoa@nature.com,982285767
876,sV18.A.&#4q=,Ninnetta,Leisha,Bushaway,Galletley,07/10/2000,lgalletleyob@devhub.com,936386529
877,"bR15~,wZW",Lynsey,Rosaline,Ewer,Lohde,04/09/2003,rlohdeoc@who.int,926648763
878,oH43\ci~2T,Ingeborg,Nate,Forrester,Vase,11/01/2002,nvaseod@rambler.ru,992218429
879,vF34.2#XR`,Kizzee,Carce,Whistlecraft,McIlwreath,02/24/2002,cmcilwreathoe@hp.com,932652725
880,qI09}1qp/tyG8,Renault,Geri,Burvill,Hanscome,02/13/2002,ghanscomeof@usatoday.com,965754522
881,tX06**n3,Laetitia,Wain,Snelling,Schwaiger,09/04/2001,wschwaigerog@wikipedia.org,978422560
882,qH01{}6S=F,Lyndsey,Milicent,Walles,Farndale,08/03/2000,mfarndaleoh@gov.uk,995886342
883,mZ19\fC3w.Nu,Annora,Nicko,Martlew,Clara,03/03/2002,nclaraoi@diigo.com,920643216
884,fL04&+b\J?+>,Thedric,Carter,Whapples,MacCartan,06/15/2001,cmaccartanoj@usnews.com,971557296
885,mR98$B~Ui(g,Mirelle,Codie,Gager,Larmuth,02/25/2003,clarmuthok@shareasale.com,963407805
886,vW28.iGm,Justin,Eduino,Exton,Klimke,05/09/2002,eklimkeol@loc.gov,990767780
887,gT81)v\VeJn!a,Gerladina,Pooh,Claypoole,Arlett,11/29/2001,parlettom@webnode.com,938524187
888,dE08|\s1,Evita,Margaretha,Wratten,Jekel,06/11/2001,mjekelon@ed.gov,950569171
889,uS44(JeXU,Chrissie,Kyle,Dyball,Brereton,10/12/2002,kbreretonoo@ebay.com,919018581
890,"jE91=2""|6.",Becka,Tedmund,Misselbrook,Maryott,03/31/2003,tmaryottop@canalblog.com,978774377
891,lS57#W3hStF!Va`f,Calida,Cloris,Hrishchenko,Dipple,10/14/2000,cdippleoq@pinterest.com,984368552
892,cF36~+~4,Abbott,Kristal,Petruszka,Szanto,03/27/2001,kszantoor@businessweek.com,906962289
893,"iG72(""`Y",Gwendolin,Elmer,Budd,Gravell,12/27/2000,egravellos@google.com.hk,989971198
894,hG38{ug`,Carri,Saundra,Calbert,Kleewein,09/20/2002,skleeweinot@gravatar.com,919766296
895,zB84(eu+E&,Jessi,Lanae,Martschik,Richfield,05/26/2003,lrichfieldou@tiny.cc,966569041
896,nK35!)w*lr,Sidnee,Marcellina,Revan,Cobson,12/31/2001,mcobsonov@kickstarter.com,906540657
897,vK13@!00%C<,Elias,Chase,LaBastida,Navein,06/29/2003,cnaveinow@imageshack.us,916152167
898,wZ56$YMAKQv~2&'t,Kyrstin,Christina,Chopin,Fonso,06/23/2003,cfonsoox@nationalgeographic.com,905983249
899,"pX90""ir>",Tabby,Raleigh,Wimes,Sambiedge,05/29/2001,rsambiedgeoy@mapquest.com,930107795
900,hL58((}@1OZ|yKS,Stanton,Gerty,Dedon,Lamba,12/05/2001,glambaoz@howstuffworks.com,927298576
901,sX31_+mP,Amalia,Shanie,Umbert,Farnorth,05/27/2001,sfarnorthp0@mysql.com,996252544
902,fE83@N(D(Z,Lonna,Chilton,Cubitt,Fritchly,02/10/2002,cfritchlyp1@paginegialle.it,941572071
903,cX52}rh|%(%,Zared,Kimbra,Hinze,Delagnes,12/29/2002,kdelagnesp2@joomla.org,970691786
904,zO33*+N/J,Melisande,Juliann,Philipeaux,McKoy,12/25/2001,jmckoyp3@admin.ch,974694858
905,gT34%z$*1h,Clarke,Dniren,Crotty,Pridding,01/27/2001,dpriddingp4@nsw.gov.au,900122487
906,uZ42.Sh9d4,Lurline,Philly,Royans,Sparham,03/31/2002,psparhamp5@de.vu,971147302
907,"wC97<wTE,J`",Pearle,Inessa,Smiley,Latus,10/17/2002,ilatusp6@vk.com,988928090
908,oZ52#\f2IWd$+dGo,Amos,Natal,Benezet,Challiss,05/19/2002,nchallissp7@illinois.edu,979306336
909,jB08<RIzdwLv$*X,Phelia,Terry,Faughey,Darbishire,10/08/2002,tdarbishirep8@flavors.me,965114292
910,uW06@kRI9I4m@Q,Almeta,Meriel,Franssen,Cartmer,01/29/2002,mcartmerp9@army.mil,985160012
911,rO86>xZ=8h,Phylys,Kory,Belverstone,Ciotti,06/22/2002,kciottipa@dailymotion.com,936356517
912,uQ31'yZa|>,Kristel,Corbin,Jorgensen,Elcocks,04/16/2001,celcockspb@ehow.com,938652782
913,eP54%yMJF(,Alano,Rea,Normant,Stacy,05/27/2001,rstacypc@buzzfeed.com,978660567
914,rC01|Xvm,Kellie,Devonna,Ringsell,Faich,08/23/2000,dfaichpd@4shared.com,990784506
915,tM99%|eW!,Kelley,Robin,Milborn,Greenhough,01/19/2001,rgreenhoughpe@php.net,933696569
916,"gI64""""ms",Pennie,Lyon,Allbrook,Thring,03/25/2001,lthringpf@fc2.com,987972708
917,bW43@E(q$c11j,Emmye,Eustacia,Schirak,Assel,03/10/2002,easselpg@qq.com,970495057
918,yU00!'KZJ},Myrtle,Nedi,Gors,Raistrick,03/19/2002,nraistrickph@cnbc.com,995796567
919,nH28|sj~P)p>aR_i,Clarke,Denys,MacDavitt,Conklin,03/12/2001,dconklinpi@huffingtonpost.com,984787668
920,tL70|+XhKbPsbv,Davidson,Gayler,Whyborne,MacIver,08/05/2001,gmaciverpj@patch.com,982285108
921,xV45(yH<GPR|t,Sol,Dav,Gullivan,Kantor,12/02/2002,dkantorpk@wunderground.com,993534270
922,dR52\~Q~w\,Laurel,Marjie,Farndale,Atchly,07/14/2000,matchlypl@comcast.net,982448165
923,"oP27)K""nb",Pandora,Liane,Cashley,Smallcombe,11/25/2002,lsmallcombepm@cafepress.com,934334943
924,"gA39/PvPRP\&xw""",Moe,Michell,Titchmarsh,Sheed,05/19/2002,msheedpn@salon.com,933916756
925,bO09|~eD\x'~dNO,Jerrilee,Maurise,Saiens,Claibourn,11/20/2000,mclaibournpo@cmu.edu,946692124
926,fF24%exD9<OJ1Qg,Jdavie,Jessy,Cicullo,Ricco,12/14/2002,jriccopp@mail.ru,955936404
927,xJ51.aH}'%'W,Valery,Thorny,Kinglesyd,Kahane,01/13/2002,tkahanepq@squidoo.com,947277867
928,hJ88&u1Se*d,Meghann,Helge,Vankov,Bitchener,11/26/2001,hbitchenerpr@ed.gov,934965528
929,yQ15+6PM,Franny,Gideon,Postance,Penas,11/12/2002,gpenasps@yellowpages.com,908696605
930,"yC71""M`'muC",Loren,Jeanie,Banat,Fullard,10/29/2001,jfullardpt@seesaa.net,937780170
931,uQ76(MU.<,Barbra,Emmi,Bruinsma,Rohan,10/12/2002,erohanpu@indiatimes.com,955478167
932,"uO29""7E?/",Rube,Emmalynne,Sturrock,Delucia,02/24/2003,edeluciapv@cbc.ca,924228702
933,tN39.D5f,Colin,Cleve,Daber,Breeder,01/12/2002,cbreederpw@qq.com,969653588
934,oA42*!`?4*,Steven,Amity,Beig,Dugdale,02/13/2001,adugdalepx@ow.ly,933201163
935,oX87.2<W7&f,Nike,Shayne,Shilstone,Vagges,07/29/2001,svaggespy@tmall.com,965527259
936,eX05+th6f/$w1,Vin,Tawnya,Kalaher,Spaduzza,02/18/2001,tspaduzzapz@theglobeandmail.com,965109328
937,gY28!BLnH,Vidovic,Cristine,Percy,Cawker,11/06/2001,ccawkerq0@aol.com,994472861
938,tA64*}5YVvt$k,Fanchon,Thorndike,Deniske,Stegel,01/03/2001,tstegelq1@reverbnation.com,904920972
939,iI15)Ba@Y\Y,Deidre,Ross,Goudge,Upwood,10/25/2002,rupwoodq2@jalbum.net,959509261
940,xQ08~*jmCNmT_f,Celina,Alfie,Hurren,Dobel,11/02/2000,adobelq3@irs.gov,923645645
941,"hC29""VsB52y",Rahel,Toinette,Boatwright,Tambling,03/01/2001,ttamblingq4@spiegel.de,953893538
942,yU00`=I{f=Dp3`,Enrichetta,Rudie,Aidler,Huskisson,02/27/2002,rhuskissonq5@comcast.net,902016890
943,oW55&.liSx{?,Armstrong,Consalve,Tezure,Kures,01/08/2003,ckuresq6@hugedomains.com,952243407
944,bK64(H\RmTj%d,Booth,Brena,Jirieck,Rames,10/08/2002,bramesq7@columbia.edu,929061638
945,lY14'XxhdYL.G{O,Bertina,Lonny,Hain,Franklen,01/15/2002,lfranklenq8@time.com,955485538
946,jA77+Jfh$qBte,Jeremiah,Culley,Jeremaes,Hackin,09/01/2002,chackinq9@godaddy.com,913200450
947,xL95@hIF,Alric,Maxi,Hoy,Rickett,01/02/2003,mrickettqa@sourceforge.net,927017274
948,qF32!U2UbK&ECJt,Bartholomeus,Alfie,Cuthbert,Repper,06/22/2001,arepperqb@foxnews.com,925096313
949,"iM18#Vn\?diW""d",Emelen,Jenny,Quartermaine,Keilloh,10/30/2000,jkeillohqc@ifeng.com,963712720
950,xT23@Oc<@F=U=y,Janina,Agnella,Hagley,Kubin,05/23/2003,akubinqd@ucla.edu,977809023
951,kF48>9TSs`,Gloriane,Dayna,Donnersberg,Madrell,03/11/2001,dmadrellqe@dagondesign.com,928714147
952,cW41`Yv{Df6a5K,Peggi,Hercule,Newband,Demschke,06/01/2001,hdemschkeqf@virginia.edu,974649473
953,jZ44|Pt>T%7T,Ailsun,Mercedes,Cassidy,Storek,12/06/2001,mstorekqg@cpanel.net,945053643
954,"iG12$Q$#*LoX>,n",Nikolas,Ashlie,Reiach,McKerrow,03/31/2003,amckerrowqh@squarespace.com,965808663
955,rV52=TE>YqI#iF,Alaster,Olga,Vedenyakin,Salzberger,06/03/2002,osalzbergerqi@cyberchimps.com,945155508
956,rT13\j{Ec3zO}c$,Gustie,Jemimah,Mattusevich,Drance,03/02/2002,jdranceqj@wikimedia.org,970091574
957,mZ51(mR8))b,Abbye,Nessy,Beauchop,Petkov,08/08/2001,npetkovqk@wordpress.com,969405509
958,qR88|x%m,Regen,Frasier,D'Errico,Streetley,08/08/2000,fstreetleyql@zdnet.com,900216110
959,tW07_Z\2qq,Mannie,Miguela,Bentjens,Lafranconi,08/06/2000,mlafranconiqm@gnu.org,910586538
960,sV54/s.5x=,Stacia,Reena,Blamphin,Handrick,01/23/2002,rhandrickqn@cocolog-nifty.com,994399055
961,dG95}H%%FJR@,Eduard,Brewster,Oliff,Featherston,07/27/2002,bfeatherstonqo@hp.com,906543844
962,"hO70\}0*q""r,eQD",Nicolais,Candi,Wilkenson,Youster,03/31/2002,cyousterqp@miitbeian.gov.cn,919762270
963,"cW53(Rg,X",Morena,Boniface,Pygott,Harvett,06/02/2001,bharvettqq@weibo.com,901912190
964,cM61@*pj9nXTK=,Yanaton,Rochester,Teesdale,Orrobin,10/22/2002,rorrobinqr@reddit.com,991628467
965,kY72}c(tqH\e,Virge,Shelley,Eddy,Habbert,08/04/2002,shabbertqs@google.it,946205832
966,nC02\RnhL}({,Mara,Viola,Carrick,Macklin,03/16/2003,vmacklinqt@admin.ch,938358073
967,qE24>u#L!S_9$,Ephrem,Jared,Burfield,Coase,09/03/2001,jcoasequ@sbwire.com,935202401
968,bG06)GkAd,Laurette,Kent,Whatford,Bernardez,04/07/2001,kbernardezqv@princeton.edu,985887229
969,dA94)OMp,Marlee,Rosie,Robichon,Foynes,05/17/2001,rfoynesqw@businessinsider.com,941659512
970,fE28#FM=s,Odele,Bertie,Hambrick,Heeron,12/21/2001,bheeronqx@msu.edu,947500703
971,kG42>`ul&t%>,Kellyann,Trefor,Davio,Dibben,08/09/2001,tdibbenqy@thetimes.co.uk,974740472
972,xQ87`aI.X=1bR,Marybeth,Shirlee,McEntegart,Stanmer,03/14/2003,sstanmerqz@reference.com,930577066
973,zP68@S'5,Erik,Arabella,Leabeater,Blackden,04/20/2003,ablackdenr0@reuters.com,975545228
974,"wV17,8?dWF",Ethelind,Karl,Deeves,Mapledoore,01/27/2001,kmapledoorer1@wired.com,999184732
975,iA85*`>z,Osmund,Daniela,Andreopolos,Arlet,11/29/2002,darletr2@thetimes.co.uk,992954584
976,mJ62\C0N\2cwU},Hilton,Johny,Francecione,Merit,04/20/2003,jmeritr3@illinois.edu,948037880
977,wV21_l.@u4vfk,Kalvin,Leelah,Algar,Gomersal,06/04/2003,lgomersalr4@elegantthemes.com,991294971
978,cK41/tCD}gB~4C,Merrick,Helenelizabeth,Imm,Van der Linde,10/15/2002,hvanderlinder5@wsj.com,941259087
979,hF92}U+*F1y,Kare,Radcliffe,Wasson,De Andreis,07/29/2001,rdeandreisr6@wix.com,997873073
980,"bW81{0nnk,uTff",Millie,Lyman,Bayford,Hassan,12/19/2002,lhassanr7@chronoengine.com,954599795
981,qF18~a=4W,Nicolea,Melesa,Hartopp,Hance,12/08/2001,mhancer8@nasa.gov,910768152
982,wC45%CBa8*Q3S,Roseline,Sig,Candish,Dufaur,09/16/2002,sdufaurr9@hud.gov,929636403
983,nJ64%h6V2OM0F&2K,Libbie,Kippie,Janak,Levine,06/26/2001,klevinera@seesaa.net,982548564
984,"dG91""4C{7I+B",Romeo,Liane,McKinnon,Tarney,07/31/2000,ltarneyrb@oracle.com,951700922
985,kZ96_RL`9IN5Ua,Emmanuel,Natalina,Credland,Ilsley,01/21/2002,nilsleyrc@narod.ru,950536663
986,"dQ43&N/""Irj|tP",Seward,Sybila,Gilliam,Largent,04/29/2001,slargentrd@stanford.edu,922681990
987,vZ69/tgF,Arlin,Orran,Godfree,Rowcastle,08/04/2000,orowcastlere@cnn.com,906114816
988,"wT21_2(,6",Nomi,Lock,Berkeley,Gilhool,09/17/2002,lgilhoolrf@squarespace.com,956602011
989,wQ17}tIwTG8,Karla,Andra,Devers,Mocker,05/22/2001,amockerrg@skyrock.com,998528256
990,qI85=H'GkAfbRsMu,Rhodie,Fern,Friatt,Hebden,05/12/2003,fhebdenrh@dedecms.com,984216033
991,lH48&}+rV9Dp,Justis,Etta,Northfield,Chatelot,11/12/2000,echatelotri@usa.gov,927041922
992,mN20$dr_y`X0|$1+,Miranda,Alexio,Ingleton,Tatam,06/07/2002,atatamrj@myspace.com,959214364
993,pY74+A3+6'I&.%,Torey,Mathilda,Jaulme,Wodeland,07/29/2001,mwodelandrk@fastcompany.com,963215737
994,"dR98/`A\`,+eC{L",Normand,Carver,Witchalls,Adamovsky,10/29/2001,cadamovskyrl@php.net,938750770
995,xO87>nDEDYtT<\t,Fidole,Zacharia,Prine,Clues,01/23/2002,zcluesrm@xinhuanet.com,925808527
996,kI60~Qp6rk,Guido,Cori,Tewkesbury,Welbrock,02/24/2003,cwelbrockrn@symantec.com,919960186
997,hR87?g7=woPf,Michel,Abner,Mully,Brafferton,08/30/2002,abraffertonro@joomla.org,981810886
998,bR90\@XfO,Ax,Ada,Cluitt,Kyne,04/15/2001,akynerp@dyndns.org,918899437
999,cE58#*?@!BH3@ruH,Justinn,Ardenia,Kibble,Claesens,05/22/2001,aclaesensrq@webs.com,909723979
1000,oT68&T`LUL@,Jamie,Delores,Grahlman,Bassam,11/15/2000,dbassamrr@desdev.cn,919351016
